{
    "dashboard": "Panelis",
    "categories": "Kategorijas",
    "category": "Kategorija",
    "all_category": "VISAS KATEGORIJAS",
    "subcategory": "Apakškategorija",
    "location": "Atrašanās vieta",
    "city": "Pilsēta",
    "town": "Ciemats",
    "testimonial": "Atsauksme",
    "blog": "Blogs",
    "post": "Publicēt",
    "post_category": "Publicēšanas kategorija",
    "brand": "Zīmols",
    "all_brand": "Visi Zīmoli",
    "tag": "Tagi",
    "contact": "Kontaktpersona",
    "ad": "Sludinājums",
    "newsletter": "Vēstule",
    "email_list": "E-pastu Saraksts",
    "ads": "Sludinājumi",
    "customer_list": "Klientu saraksts",
    "customer_details": "Klienta informācija",
    "view_customer_ads": "Apskatīt Klienta Sludinājumus",
    "other": "Cita",
    "faq_category": "BUJ Kategorija",
    "faq_categories": "BUJ Kategorijas",
    "create_faq_category": "Izveidot BUJ Kategoriju",
    "faq": "BUJ",
    "posting_rules": "Publicēšanas noteikumi",
    "about": "Par",
    "terms": "Noteikumi",
    "privacy": "Privātuma",
    "purchase_plan": "Pirkuma plāns",
    "plans": "Plāni",
    "pricing_plan": "Cenu plāns",
    "order": "Pasūtījums",
    "skins": "Ādas",
    "user_role_manage": "Lieotāji & Lomu menedžments",
    "add_role": "Pievienot lomu",
    "all_users": "Visi lietotāji",
    "all_roles": "Visas lomas",
    "settings": "Iestatījumi",
    "on": "Ieslēgts",
    "off": "Izslēgts",
    "logout": "Iziet",
    "language": "Valoda",
    "search": "Meklēt",
    "quick_actions": "Ātrās darbības",
    "add_ad": "Pievienot Sludinājumu",
    "add_user": "Pievienot lietotāju",
    "add_customer": "Pievienot klientu",
    "create_customer": "Izveidot klientu",
    "edit_customer": "Labot klientu",
    "delete_customer": "Dzēst klientu",
    "member_since": "Lietotājs kopš",
    "profile": "Profils",
    "sign_out": "Izrakstīties",
    "total_customer": "Visi klienti",
    "total_ads": "Kopā sludinājumi",
    "active_ads": "Aktīvie sludinājumi",
    "pending_ads": "Gaida apstiprinājumu",
    "featured_ads": "Izceltie sludinājumi",
    "drafted_ads": "Nepabeigtie sludinājumi",
    "total_blog_posts": "Visi Bloga posti",
    "your_earnings_overview": "Jūsu ienākumu pārskats",
    "earnings": "Ienākumi",
    "add_category": "Pievienot Kategoriju",
    "category_list": "Kategoriju saraksts",
    "image": "Bilde",
    "name": "Vārds",
    "icon": "Ikona",
    "actions": "Darbības",
    "subcategory_name": "Apakškategorijas nosaukums",
    "add_subcategory": "Pievienot apakškategoriju",
    "city_list": "Pilsētu saraksts",
    "add_city": "Pievienot pilsētu",
    "city_name": "Pilsētas nosaukums",
    "created_date": "Izveidot datumu",
    "last_updated": "Pēdejo reizi atjaunots",
    "town_list": "Ciematu saraksts",
    "town_name": "Ciemata nosaukums",
    "add_testimonial": "Pievienot atsauksmi",
    "create": "Izveidot",
    "update": "Atjaunot",
    "cancel": "Atcelt",
    "back": "Atpakaļ",
    "position": "Pozīcija",
    "default": "Noklusējums",
    "stars": "Zvaigznes",
    "description": "Apraksts",
    "create_testimonial": "Izveidot atsauksmi",
    "post_list": "Publikāciju saraksts",
    "create_post": "Izveidot publikāciju",
    "title": "Nosaukums",
    "tags": "TAGI",
    "short_description": "Īss apraksts",
    "thumbnail_image": "Sīktēls",
    "choose_image": "Izvēlēties attēlu",
    "edit_post": "Labot publikāciju",
    "update_post": "Atjaunot publikāciju",
    "brand_list": "Zīmolu saraksts",
    "add_brand": "Pievienot zīmolu",
    "brand_name": "Zīmola nosaukums",
    "edit_brand": "Labot zīmolu",
    "update_brand": "Atjaunot zīmolu",
    "tag_list": "Tagu saraksts",
    "tag_name": "Tagu nosaukums",
    "add_tag": "Pievienot tagu",
    "edit_tag": "Labot tagu",
    "update_tag": "Atjaunot tagu",
    "email": "E-pasts",
    "subject": "Priekšmets",
    "date": "Datums",
    "appearance": "Izskats",
    "contact_list": "Kontaktu saraksts",
    "ad_list": "Sludinājumu saraksts",
    "ad_gallary": "Sludinājumu galerija",
    "thumbnail": "Sīktēls",
    "price": "Cena",
    "mark_as_active": "Atzīmēt kā aktīvs",
    "mark_as_pending": "Atzīmēt kā gaida apstiprinājumu",
    "mark_as_sold": "Atzīmēt kā pārdots",
    "mark_as_declined": "Atzīmēt kā noraidīts",
    "category_details": "Kategorijas detaļas",
    "subcategory_details": "Apakškategorijas detaļas",
    "brand_details": "Zīmola detaļas",
    "city_details": "Pilsētas detaļas",
    "ad_details": "Sludinājumu detaļas",
    "customer": "Klients",
    "author": "Autors",
    "model": "Modelis",
    "seo": "SEO",
    "seo_settings": "Seo iestatījumi",
    "seo_meta_title": "Seo Meta virsraksts",
    "seo_meta_description": "Seo Meta apraksts",
    "seo_meta_keywords": "Seo Meta atslēgvārdi",
    "social_login": "Social pierakstīšanās",
    "setup_guide": "Setup Guide",
    "google_login_credential": "Google Pierakstīšanās dati",
    "facebook_login_credential": "Facebook Pierakstīšanās dati",
    "twitter_login_credential": "Twitter Pierakstīšanās dati",
    "linkedin_login_credential": "Linkedin Pierakstīšanās dati",
    "github_login_credential": "Github Pierakstīšanās dati",
    "gitlab_login_credential": "Gitlab Pierakstīšanās dati",
    "bitbucket_login_credential": "Bitbucket Pierakstīšanās dati",
    "client_id": "Klienta ID",
    "client_secret": "Klienta noslēpums",
    "merchant_email": "Tirgotāja e-pasts",
    "featured": "Izceltie",
    "total_views": "Apskatīts kopā",
    "ad_link": "Sludinājuma adrese",
    "features": "Iespējas",
    "galleries": "Galerijas",
    "faq_category_list": "BUJ Kategorijas saraksts",
    "edit_faq_category": "Labot BUJ Kategoriju",
    "add_faq": "Pevienot BUJ",
    "update_posting_rules": "Atjaunot publicēšanas noteikumus",
    "update_about": "Atjaunot Par",
    "terms_condition": "NOTEIKUMI",
    "privacy_policy": "Privātuma politika",
    "update_privacy_policy": "Atjaunot Privātuma politiku",
    "default_subscription_type": "Noklusējuma abonēšanas tips",
    "set_recommended_package": "Iestatīt rekomendēto paketi",
    "one_time": "Vienreizējs",
    "recurring": "Atkārtojas",
    "save": "Saglabāt",
    "add_plan": "Pievienot Plānu",
    "ads_limit": "Sludinājumu limits",
    "featured_ads_limit": "Izcelto sludinājumu limits",
    "badge": "Nozīmīte",
    "premium_badge": "Premium Nozīmīte",
    "multiple_image": "Vairākas bildes",
    "customer_support": "Klientu atbalsts",
    "edit_plan": "Labot plānu",
    "delete_plan": "Dzēst plānu",
    "recommended": "IETEICAMS",
    "create_plan": "Izveidot plānu",
    "label": "Apzīmējums",
    "ad_limit": "Sludinājumu limits",
    "post_ad_limit": "Publicēt sludinājumu limitu",
    "featured_limit": "Izcelto limits (Izcelties sludinājumu galvenajā lapā)",
    "change_home_page_skin": "Mainīt galvenās lapas ādiņu",
    "activate": "Aktivizēt",
    "deactivate": "Deaktivizēt",
    "users_list": "Lietotāju saraksts",
    "roles": "Lomas",
    "no_results_found": "Rezultāti netika atrasti",
    "there_is_no_plan_found_in_this_page": "Šajā lapā nav atrasts neviens plāns",
    "found_in_this_page": "Atrasts šajā lapā",
    "add_your_first_plan": "Pievieno savu pirmo plānu",
    "create_user": "Izveidot lietotāju",
    "password": "Parole",
    "assign_roles": "Piesķirt lomas",
    "enter_new_name": "Ievadiet jauno vārdu",
    "enter_new_email": "Ievadiet jauno e-pastu",
    "choose_file": "Izvēlies failu",
    "enter_new_password": "Ievadiet jauno paroli",
    "select_roles": "Izvēlies lomu",
    "roles_list": "Lomu saraksts",
    "permission": "Atļauju",
    "create_role": "Izveidot lomu",
    "role_name": "Lomas nosaukums",
    "language_list": "Valodu saraksts",
    "add_language": "Pievienot valodu",
    "code": "Kods",
    "flag": "Karogs",
    "create_language": "Izvedeidot valodu",
    "direction": "Virziens",
    "edit_language": "Labot valodu",
    "translate_language": "Tūlkot valodu",
    "currency_list": "Valūtu saraksts",
    "add_currency": "Pievienot valūtu",
    "create_currency": "Izveidot valūtu",
    "edit_currency": "Labot valūtu",
    "symbol": "Simbols",
    "exchange_rate": "Maiņas kurss",
    "website": "Tīmekļa vietne",
    "system": "Sistēma",
    "system_setting": "Sistēmas iestatījumi",
    "app_name": "Lietotnes nosaukums",
    "app_env": "Lietotnes daba",
    "app_debug": "Lietotnes atkļūdošana ",
    "app_url": "Lietotnes URL",
    "app_configuration": "Lietotnes konfigurācija",
    "db_configuration": "Datubāzes konfigurācija",
    "db_connection": "Savienojums",
    "db_host": "Hosts",
    "db_port": "Ports",
    "db_name": "Vārds",
    "db_username": "Lietotājvārds",
    "db_password": "Parole",
    "website_configuration": "Tīmekļa vietnes konfigurācija",
    "show_regular_ads_on_homepage": "Rādīt parastos sludinājums galvenajā lapā",
    "show_featured_ads_on_homepage": "Rādīt izceltos sludinājums galvenajā lapā",
    "customer_email_verification": "Klientu e-pastu verifikācija",
    "ads_admin_approval": "Admina sludinājumu apstiprinājums",
    "default_language_currency": "Noklusējuma valoda & Valūta",
    "set_default_language": "Iestatīt noklusējuma valodu",
    "set_default_currency": "Iestatīt nokluējuma valūtu",
    "layout": "Izkārtojums",
    "color_picker": "Krāsu atlasītājs",
    "custom_css_js": "Individuāls CSS & JS",
    "mail": "Pasts",
    "email_template": "E-pasta veidne",
    "phone": "Tālrunis",
    "address": "Adrese",
    "map_address": "Adrese kartē",
    "site_email": "Vietnes e-pasts",
    "facebook": "Facebook",
    "twitter": "Twitter",
    "instagram": "Instagram",
    "youtube": "Youtube",
    "linkedin": "Linkedin",
    "whatsapp": "Whatsapp",
    "whatsapp_number": "Whatsapp numurs",
    "get_help": "Palīdzība",
    "android": "Android",
    "ios": "IOS",
    "site_logo": "Saites logo",
    "site_favicon": "Saites Favicon",
    "loader_image": "Ielādes bilde",
    "HOME": "MĀJAS",
    "Sell and buy clothes, shoes and accessories.": "Pērc un pārdod apģērbu, apavus un aksesuārus",
    "layout_setting": "Izkārtojuma iestatījumi",
    "left_navigation_layout": "Kreisais navigācijas izkārtojums",
    "top_navigation_layout": "Augšējais navigācijas izkārtojums",
    "sidebar_color": "Sidebar krāsa",
    "nav_color": "Navigācija krāsam",
    "header_custom_style": "Galvenes individuālais stils",
    "header_custom_script": "Galvenes individuālais skripts",
    "before_head_end": "Pirms galvas beigām",
    "footer_custom_script": "Kājenes individuālais skripts",
    "before_body_end": "Pirms ķermeņa beigām",
    "mail_driver": "Pasta Driver",
    "mail_host": "Pasta Host",
    "mail_port": "Pasta Port",
    "mail_username": "Pasta Lietotājvards",
    "mail_password": "Pasta Parole",
    "mail_encryption": "Pasta šifrēšana",
    "mail_from_address": "E-pasts no adreses",
    "mail_from_name": "E-pasts no vārda",
    "copyright": "Autortiesības",
    "all_rights_reserved": "Visas tiesības aizsargātas",
    "delete_category": "Dzēst Kategoriju",
    "go_to_link": "Doties uz saiti",
    "admin": "Administrators",
    "choose_an_image": "Izvēlēties attēlu",
    "select_category": "Izvēlēties kategoriju",
    "select_categories": "Izvēlēties kategorijas",
    "enter_post_title": "Ievadiet ieraksta virsrakstu",
    "select_tag": "Izvēlēties Tagu",
    "write_short_description_of_post": "Uzrakstiet īsu ziņas aprakstu...",
    "write_description_of_post": "Uzrakstiet ziņas aprakstu...",
    "enter_blog_title": "Ievadiet bloga nosaukumu",
    "delete_post": "Dzēst ierakstu",
    "create_brand": "Izveidot zīmolu",
    "enter_brand_name": "Ievadiet zīmola nosaukumu",
    "brand_edit": "Labot zīmolu",
    "edit_category": "Labot kategoriju",
    "category_name": "Kategorijas nosaukums",
    "enter_category_name": "Ievadiet kategorijas nosaukumu",
    "subcategory_list": "Apakškategorijas saraksts",
    "edit_subcategory": "Labot apakškategoriju",
    "delete_subcategory": "Dzēst apakškategoriju",
    "create_subcategory": "Izveidot apakškategoriju",
    "enter_subcategory_name": "Ievadiet apakškategorijas nosaukumu",
    "view_message": "Apskatīt Ziņu",
    "delete_contact": "Dzēst Kontaktu",
    "add_contact": "Pievienot Kontaktu",
    "phone_number": "TELEFONA NUMURS",
    "faq_list": "BUJ saraksts",
    "question": "Jautājums",
    "answer": "Atbilde",
    "create_faq": "Izveidot BUJ",
    "enter_a_question": "Ievadiet jautājumu",
    "write_the_answer": "Uzrakstiet atbildi",
    "edit_faq": "Labot BUJ",
    "update_faq": "Atjaunot BUJ",
    "edit_city": "Labot pilsētu",
    "delete_city": "Dzēst pilsētu",
    "select_image": "Izvēlies attēlu",
    "enter_city_name": "Ievadiet pilsētas nosaukumu",
    "create_town": "Izveidot ciematu",
    "select_city": "Izvēleties pilsētu",
    "enter_town_name": "Ievadiet ciemata nosaukumu",
    "edit_town": "Labot ciematu",
    "add_town": "Pievienot ciematu",
    "delete_town": "Dzēst ciematu",
    "plan_list": "Plānu saraksts",
    "select_plan": "Izvēlies plānu",
    "yes": "Jā",
    "no": "Nē",
    "delete_tag": "Dzēst Tagu",
    "create_tag": "Izveidot Tagu",
    "enter_tag_name": "Ievadiet taga nosaukumu",
    "testimonial_list": "Atsauksmju saraksts",
    "delete_testimonial": "Dzēst atsauksmi",
    "enter_name": "Ievadiet vārdu",
    "edit_testimonial": "Labot atsauksmi",
    "write_description_of_testimonial": "Uzrakstiet aprakstu atsauksmei",
    "wishlist": "Vēlmju saraksts",
    "product_name": "Preces nosaukums",
    "pricing_plan_limit": "Cenu plānu limits",
    "edit_free_limit": "Labot brīvos limitus",
    "forgot_password": "Aizmirsu paroli",
    "send_password_reset_link": "Nosūtiet paroles atjaunošanas saiti",
    "admin_forgot_password": "Admins aizmirsa paroli",
    "reset_password": "Atiestatīt paroli",
    "update_password": "Atjaunot paroli",
    "email_address": "E-pasta adrese",
    "registered_at": "Reģistrēts",
    "profile_updated_at": "Profils atjaunots",
    "go_to_settings": "Dodieties uz iestatījumiem",
    "profile_settings": "Profila iestatījumi",
    "change_image": "Mainīt bildi",
    "change_password": "Mainīt paroli",
    "current_password": "Esošā parole",
    "new_password": "Jaunā parole",
    "confirm_password": "Apstiprināt paroli",
    "update_profile": "Atjaunot profilu",
    "enter_current_password": "Ievadiet esošo paroli",
    "confirm_new_password": "Apstiprināt jauno paroli",
    "enter_role_name": "Ievadiet lomas vārdu",
    "basic": "Pamata",
    "social_media_links": "Sociālo tīklu saites",
    "social_media": "Sociālie tīkli",
    "pinterest": "Pinterest",
    "reddit": "Reddit",
    "github": "Github",
    "logo": "Logotips",
    "enter_site_phone": "Ievadiet adrese tālruni",
    "edit_role": "Labot lomu",
    "module": "Modulis",
    "module_settings": "Moduļa iestatījumi",
    "website_setting": "Tīmekļa vietnes iestatījumi",
    "theme_setting": "Motīvu iestatījumi",
    "payment_gateway_setting": "Maksājumu vārtu iestatījumi",
    "navbar_color": "Navigācijas bar krāsa",
    "currency": "Valūta",
    "inactivate": "Deaktivizēt",
    "mail_settings": "E-pasta iestatījumi",
    "send_test_mail": "Nosūtīta testa e-pastu",
    "send_mail": "Nosūtīt e-pastu",
    "to": "Uz",
    "body": "Ķermenis",
    "change_mail_username": "Mainīt e-pasta lietotājvārdu",
    "change_mail_password": "Mainīt e-pasta paroli",
    "enter_email": "Ievadiet e-pastu",
    "paypal_settings": "Paypal iestatījumi",
    "paystack_settings": "Paystack iestatījumi",
    "stripe_settings": "Stripe iestatījumi",
    "midtrans_setting": "Midtrans iestatījumi",
    "mollie_setting": "Mollie iestatījumi",
    "instamojo_setting": "Instamojo iestatījumi",
    "instamojo_key": "Instamojo atslēga",
    "instamojo_secret": "Instamojo noslēpums",
    "instamojo_url": "Instamojo URL",
    "ssl_commerz_settings": "SSl Commerz iestatījumi",
    "flutterwave_settings": "Flutterwave iestatījumi",
    "livemode": "Tiešraides reklāmas",
    "secret_key": "Noslēpumu atslēga",
    "publisher_key": "Izdevēja atslēga",
    "razorpay_settings": "Razorpay iestatījumi",
    "payment": "Maksājums",
    "sslcommerz_settings": "SSL Commerz iestatījumi",
    "store_id": "Veikala ID",
    "store_password": "Veikala parole",
    "update_about_setting": "Atjaunot Par  iestatījumus",
    "enter_site_name": "Ievadiet saites nosaukumu",
    "android_app_link": "Android lietotnes saite",
    "ios_app_link": "IOS lietotnes saite",
    "free_ad_limit": "Bezmaksas sludinājumu limits",
    "free_ad_featured_limit": "Izceltie sludinājumi bez papildus samaksas",
    "maximum_ad_image_limit": "Sludinājuma bildes maksimālais izmērs",
    "website_loader": "Tīmekļa vietnes ielādētajs",
    "timezone": "Laika zona",
    "theme_logo": "Tēmas logotips",
    "white_background": "Balts fons",
    "dark_background": "Tumšs fons",
    "update_settings": "Atjaunot iestatījumus",
    "updating": "Notiek atjaunināšana",
    "enter_site_address": "Ievadiet saites adresi",
    "enter_iframe_link": "Ievadiet Iframe adresi",
    "enter_site_email": "Ievadiet saites e-pastu",
    "enter_company_facebook_link": "Ievadiet uzņēmuma facebook adresi",
    "enter_company_twitter_link": "Ievadiet uzņēmuma twitter adresi",
    "enter_company_instagram_link": "Ievadiet uzņēmuma instagram adresi",
    "enter_company_youtube_link": "Ievadiet uzņēmuma youtube adresi",
    "enter_company_linkdin_link": "Ievadiet uzņēmuma linkdin adresi",
    "enter_company_whatsapp_link": "Ievadiet uzņēmuma whatsapp adresi",
    "enter_company_android_link": "Ievadiet uzņēmuma android adresi",
    "enter_company_ios_link": "Ievadiet uzņēmuma ios adresi",
    "update_posting_rules_setting": "Atjaunojiet publicēšanas noteikumu iestatījumus",
    "update_terms_setting": "Atjaunojiet noteikumu iestatījumus",
    "home_page_1": "Galvenā lapa 1",
    "home_page_2": "Galvenā lapa 2",
    "home_page_3": "Galvenā lapa 3",
    "home_page1_description": "Daži īsi teksta paraugi, kas jāveido uz kartītes nosaukuma.",
    "home_page2_description": "Daži īsi teksta paraugi, kas jāveido uz kartītes nosaukuma.",
    "home_page3_description": "Daži īsi teksta paraugi, kas jāveido uz kartītes nosaukuma.",
    "edit_user": "Labot lietotājus",
    "total_customers": "Kopējie klienti",
    "sold_ads": "Pārdotie sludinājumi",
    "total_cities": "Pilsētas kopā",
    "total_towns": "Ciemati kopā",
    "total_plan": "Plāni kopā",
    "popular_location": "Populārās lokācijas",
    "latest_ads": "Jaunākie sludinājumi",
    "status": "Statuss",
    "no_ads_found": "Neviens sludinājums netika atrasts",
    "latest_registered_users": "Jaunākie reģistrētie lietotāji",
    "since": "Kopš",
    "no_users_found": "Nav atrasts neviens lietotājs",
    "transaction_history": "Darījumu vēsture",
    "latest_transaction": "Jaunākais darījums",
    "amount": "Summa",
    "coupons": "Kuponi",
    "plan_name": "Kupona nosaukums",
    "payment_provider": "Maksājuma veids",
    "created_time": "Izveidots laiks",
    "created_at": "Izveidots plkst.",
    "updated_at": "Atjaunots plkst.",
    "no_transactions_found": "Nav atrasts neviens darījums",
    "sign_in_to_start_your_session": "Pierakstieties, lai sāktu sesiju",
    "remember_me": "Atcerēties mani",
    "i_forgot_my_password": "Aizmirsu paroli",
    "sign_in": "Pieslēgties",
    "change_skin": "Nomainīt ādiņu",
    "visit_website": "Apmeklēt tīmekļa vietni",
    "version": "Versija",
    "username": "Lietotājvārds",
    "times": "reizes",
    "pro_customer": "Pro klients",
    "all_customer": "Visi klienti",
    "enter_position": "Ievadiet pozīciju",
    "website_language": "Tīmekļa vietnes valoda",
    "admin_language": "Admina valoda",
    "options": "Iespējas",
    "create_ad": "Izveidot sludinājumi",
    "edit_ad": "Labot sludinājumu",
    "edit_custom_fields": "Rediģēt pielāgotos laukus",
    "sorting_custom_fields": "Pielāgotu lauku kārtošana",
    "view_details": "Apskatīt detaļas",
    "select_subcategory": "Izvēlies apakškategoriju",
    "select_town": "Izvēlies ciemu",
    "original": "Orģināls",
    "refurbished": "Atjaunots",
    "new": "Jauns",
    "optional": "Neobligāts",
    "upload_thumbnail": "Augšupielādēt sīktēlu",
    "used": "Lietots",
    "start_typing_for_search": "Sāciet rakstīt šeit, lai meklētu",
    "write_the_subject_here": "Ierakstiet tēmu šeit",
    "send_now": "Sūtīt tagad",
    "write_description_of_ad": "Uzrakstiet sludinājuma aprakstu",
    "backend_keywords": "Nobeiguma vārdi",
    "frontend_keywords": "Priekšvārds",
    "subscriptions_date": "Abonēšanas datums",
    "delete_email": "Dzēst e-pastu",
    "cms": "CMS",
    "cms_setting": "CMS iestatījumi",
    "price_plan": "Cenu plāns",
    "post_ad": "Ievietot sludinājumu",
    "dashboards": "Panelis",
    "emails": "E-pastu saraksts",
    "membership": "Dalība",
    "faqs": "Biežāk uzdotie jautājumi",
    "home_main_banner": "Sākums Galvenais baneris",
    "home_counter_background": "Mājas letes fons",
    "about_body": "Par ķermenis",
    "about_video_thumb": "Par video sīktēls",
    "terms_background": "Noteikumu un nosacījumu fons",
    "terms_body": "Noteikumu un nosacījumu pamatteksts",
    "posting_rules_background": "Publicēšanas noteikumu fons",
    "posting_rules_body": "Publicēšanas noteikumu pamatteksts",
    "privacy_background": "Privātuma fons",
    "privacy_body": "Privātuma ķermenis",
    "home_mobile_app_banner": "Izkārtojums 1 mobilās lietotnes reklāmkarogs",
    "update_home_settings": "Atjauniniet sākuma iestatījumus",
    "get_membership_background": "Iegūstiet dalības fonu",
    "get_membership_image": "Iegūstiet dalības attēlu",
    "upate_membership_settings": "Atjauniniet iegūt dalības iestatījumus",
    "pricing_plan_background": "Cenu plāna fons",
    "upate_pricing_plan_settings": "Atjauniniet cenu plāna iestatījumus",
    "faq_background": "BUJ fons",
    "update_faq_settings": "Atjauniniet BUJ iestatījumus",
    "dashboard_overview_background": "Paneļa pārskata fons",
    "dashboard_post_ads_background": "Paneļa publicēšanas reklāmu fons",
    "dashboard_my_ads_background": "Paneļa - Manu reklāmu fons",
    "dashboard_plan_background": "Paneļa plāna fons",
    "dashboard_account_setting_background": "Paneļa konta iestatījumu fons",
    "about_background": "Par - fons",
    "blog_background": "Bloga fons",
    "ads_background": "Sludinājuma fons",
    "contact_background": "Kontakti fons",
    "update_blog_settings": "Atujauniniet bloga iestatījums",
    "update_ads_settings": "Atjauniniet sludinājuma iestatījumus",
    "update_contact_settings": "Atjauniniet kontaktu iestatījumus",
    "dashboard_favorite_ads_background": "Paneļa iecienītāko reklāmu iestatījumi",
    "dashboard_messenger_background": "Paneļa Messenger iestatījumi",
    "languages": "Valodas",
    "create_new_language": "Izveidot jaunu valodu",
    "website_languages": "Tīmekļa vietnes valodas",
    "delete_language": "Dzēst valodu",
    "website_keywords": "Tīmekļa vietnes atslēgvārdi",
    "select_someone_to_start_conversation": "Atlasiet kādu, lai sāktu sarunu",
    "view_ad": "Apskatīt sludinājumu",
    "ad_name": "Preces nosaukums",
    "select_brand": "Izvēlēties zīmolu",
    "view_posting_rules": "PĀRDOŠANAS CEĻVEDIS",
    "next_steps": "Nākamie soļi",
    "backup_phone_number": "Rezerves tālruņa numurs",
    "previous": "Iepriekšējais",
    "next_step": "Nākamie soļi",
    "ad_description": "Sludinājuma apraksts",
    "ad_create_success_description": "Jūsu sludinājums ir veiksmīgi izveidots.",
    "feature": "Izcelt",
    "upload_photos": "Bildes",
    "upload_thumb": "Sīktēls",
    "image_must_be_in_jpg_jpeg_png_format": "Attēlam jābūt jpg, jpeg, png formātā",
    "you_must_upload_at_least": "Jums ir jāaugšupielādē vismaz 4 bildes",
    "post_ads": "Publicēt sludinājumu",
    "pricing": "Cenu noteikšana",
    "regular_ads": "Parasti sludinājumi",
    "view_all": "Apskatīt visus",
    "top_category": "Augstākā kategorija",
    "no_subcategory_found": "Nav atrasta neviena apakškategorija",
    "download_our_mobile_app": "Lejupielādējiet mūsu mobilo lietotni",
    "get_it_now": "Iegūstiet to tūlīt",
    "google_play": "Google Play",
    "app_store": "App Store",
    "subscribe_to_our_newsletter": "Piesakies jaunumiem E-pasta",
    "subscribe": "Abonēt",
    "published_ads": "Publicētie sludinājumi",
    "verified_user": "Verificētie klienti",
    "verified_email": "Verificētie E-pasti",
    "pro_members": "Pro lietotāji",
    "city_location": "Pilsētas atrašanās vieta",
    "browse_over": "Pārlūkojiet",
    "classified_ads_listing": "Sludinājumu saraksts",
    "view_ads": "Apskatīt sludinājumus",
    "recently_posted_ads": "Nesen ievietotie sludinājumi",
    "get_premium_membership": "Iegūstiet Premium dalību",
    "get_membership": "Iegūstiet dalību",
    "over": "BEIGAS",
    "live_ads": "Tiešie sludinājumi",
    "popular_category": "Populāra kategorija",
    "newest_ads": "Jaunākie sludinājumi",
    "get_membership_right_now": "Iegūstiet dalību tūlīt",
    "download_our_app": "Lejupielādējiet mūsu lietotni",
    "design_by": "Izstrādāts",
    "supports": "Atbalsta",
    "quick_links": "Ātrās saites",
    "about_us": "Par mums",
    "know_more_about_2life": "Uzzini vairāk par 2life.lv",
    "what_people_says": "Ko cilvēki saka",
    "supported_by": "Atbalsta",
    "overview": "Pārskats",
    "account_information": "Labot savu profilu",
    "full_name": "Pilns vārds",
    "website_links": "Tīmekļa vietnes saites",
    "save_changes": "Saglabāt izmaiņas",
    "delete_account": "Dzēst kontu",
    "delete_account_alert": "Ja izdzēsīsiet savu kontu, jūs zaudēsiet visus savus datus un nevarēsiet tos atgūt.",
    "account_setting": "Konta iestatījumi",
    "posted_ads": "Publicētie sludinājumi",
    "favorite_ads": "Iecienītākie sludinājumi",
    "ads_view": "Sludinājumu skats",
    "remaining": "Atlikušais",
    "current_plan_expirations_and_benefits": "Pašreizējā plāna termiņi un priekšrocības",
    "expired_date": "Beidzies termiņš",
    "remaining_ads": "Atlikušie sludinājumi",
    "account_settings": "Konta iestatījumi",
    "go_to_details": "Dodieties uz detaļām",
    "recent_activities": "Pēdējās aktivitātes",
    "no_recents_activities": "Nav pēdējo darbību",
    "delete_ad": "Dzēst sludinājumu",
    "make_it_active": "Padarīt to aktīvu",
    "view_ads_details": "Skatīt sludinājumu informāciju",
    "ad_post": "Sludinājuma publicēšana",
    "steps01": "01.Darbība",
    "steps02": "02.Darbība",
    "steps03": "03.Darbība",
    "basic_info": "Pamatinformācija",
    "contact_info_custom_fields": "Kontaktinformācija un pielāgotie lauki",
    "description_features_images": "Apraksts, funkcijas un attēli",
    "your_ad_has_successfully_update": "Jūsu sludinājums ir veiksmīgi atjaunināts",
    "ad_post_success": "Veiksmīgi publicēts sludinājums",
    "step1": "1.Darbība",
    "step2": "2.Darbība",
    "step3": "3.Darbība",
    "your_ad_has_successfully_publish": "Jūsu sludinājums ir veiksmīgi publicēts",
    "go_back": "Atgriezties",
    "cancel_edit": "Atcelt labošanu",
    "update_cancel_edit": "Atjaunināt un atcelt rediģēšanu",
    "update_next_step": "Atjaunināšana un nākamais solis",
    "whats_your_thought": "Pievienojiet informāciju par stāvokli, apģērba piemērotību, papildu mērījumiem, piegādes politiku, mazumtirdzniecības cenu, saiti uz mazumtirdzniecības lapu utt.",
    "finish_update": "Pabeigt atjaunināšanu",
    "message": "Ziņa",
    "your_contact_list_is_empty": "Jūsu kontaktpersonu saraksts ir tukšs",
    "your_message_list_is_empty": "Jūsu ziņojumu saraksts ir tukšs",
    "online": "Pieslēdzies",
    "offline": "Atslēdzies",
    "action": "Darbība",
    "my_ads": "Mani sludinājumi",
    "public_profile": "Publiskais profils",
    "seller": "Pārdevējs",
    "recent_ads": "Jaunākie sludinājumi",
    "seller_review": "Pārdevēja apskats",
    "write_review": "Rakstīt atsauksmi",
    "star_average_rating": "Vidējais vērtējums zvaigznēs",
    "people_written_reviews": "Cilvēku rakstītās apskats",
    "you_dont_have_account": "Jums nav konta",
    "first_create_a_account_to_write_down_a_review_to_seller_accoount": "Vispirms izveidojiet kontu, lai atstātu atsauksmi pārdevēja kontā",
    "or_sign_up_with": "vai pierakstietis ar",
    "publish_review": "Publicēt apskatu",
    "report_seller": "Ziņot par pārdevēju",
    "seller_report": "Pārdevēja ziņojums",
    "contact_information": "Kontaktinformācija",
    "star_rating": "Vērtējums zvaigznēs",
    "follow_on_social_media": "Sekojiet sociālajos tīklos",
    "reason": "Iemesls",
    "close": "Aizvērt",
    "share_your_thought_about_the_seller": "Dalieties savās domās par pārdevēju",
    "report_to": "Ziņot",
    "report_from": "Ziņojums no",
    "ads_count": "Reklāmu skaits",
    "subcategories_count": "Apakškategorijas skaits",
    "edit": "Rediģēt",
    "all_categories": "Visas Kategorijas",
    "all_groups": "Visas Grupas",
    "filter": "Filtri",
    "category_wise": "Gudrā kategorija",
    "brand_wise": "Gudrais zīmols",
    "city_wise": "Gudrā pilsēta",
    "latest": "Jaunākais",
    "oldest": "Vecākais",
    "conditions": "Nosacījumi",
    "any": "Jebkuri",
    "prices": "Cenas",
    "member": "Biedrs",
    "verified_seller": "Verificēts pārdevējs",
    "reveal_phone_number": "Noklikšķiniet šeit, lai atklātu tālruņa numuru",
    "added_by": "Pievienoja",
    "descriptions": "Apraksti",
    "viewed": "Skatīts",
    "related_ads": "Līdzīgi sludinājumi",
    "share_ads": "Dalīties ar sludinājumiem",
    "comments": "Komentāri",
    "popular_tag": "Populārie Tagi",
    "recent_post": "Jaunākie ieraksti",
    "read_more": "Lasīt vairāk",
    "blog_posts": "Blog publikācijas",
    "leave_comments": "Atstājiet komentārus",
    "comment": "Komentēt",
    "no_more_comments_found": "Vairāk komentāri netika atrasti",
    "no_more_reviews_found": "Vairāk atsauksmes netika atrastas",
    "loading": "Notiek ielāde",
    "load_more": "Ielādēt vairāk",
    "wise_ads": "Gudrie sludinājumi",
    "select_location": "Atlasiet atrašanās vietu",
    "frequently_asked_question": "Bieži uzdotais jautājums",
    "send_message": "Sūtīt ziņu",
    "send_message_via_whatsapp": "Sūtīt ziņu caur Whatsapp",
    "send_message_via_email": "Nosūtiet ziņojumu pa e-pastu",
    "email_us": "Nosūtiet mums e-pastu",
    "call_us": "Zvaniet mums",
    "get_customer_services": "Saņemiet klientu apkalpošanu",
    "add_video_and_more_images": "Pievienojiet video un citus attēlus",
    "special_badges_for_your_ads": "Īpašas emblēmas jūsu reklāmām",
    "benefits_and_feature_membership": "Priekšrocības un funkciju dalība",
    "dedicated_customer_support": "Īpašs klientu atbalsts",
    "advertise_your_brand_on_adlisting": "Reklamējiet savu zīmolu sludinājumu sarakstā",
    "plan_details": "Plāna detaļas",
    "plan_details_and_benefits": "Plāna detaļas un priekšrocības",
    "current_plan": "Esošais plāns",
    "cancel_plan": "Atcelt plānu",
    "days": "dienas",
    "current_plan_benefits": "Pašreizējā plāna priekšrocības",
    "featured_on_homepage": "Redzams galvenajā lapā",
    "special_membership_badge": "Īpaša dalības emblēma",
    "ad_multiple_images": "Vairākas sludinājuma bildes",
    "standard_customer_support": "Standarta klientu atbalsts",
    "paypal_payment": "Paypal maksājums",
    "stripe_payment": "Stripe maksājums",
    "pay_now": "Maksāt tagad",
    "razor_payment": "Razor maksājums",
    "paystack_payment": "Paystack maksājums",
    "flutterwave_payment": "Flutterwave maksājums",
    "instamojo_payment": "Instamojo maksājums",
    "midtrans_payment": "Midtrans maksājums",
    "mollie_payment": "Mollie maksājums",
    "sslcommerz_payment": "SSL Commerz maksājums",
    "choose_plan": "Izvēlieties plānu",
    "basic_customer_support": "Pamata klientu atbalsts",
    "plans_billing": "Plāni un norēķini",
    "plan_benefits": "Plāna priekšrocības",
    "ads_remaining": "Sludinājumi atlikuši",
    "multiple_images": "Vairāki attēli",
    "featured_ads_remaining": "Izceltie sludinājumi atlikuši",
    "upgrade_plan": "Uzlabot plānu",
    "limited_ads": "Jums ir ierobežots sludinājumu skaits. Lūdzu, uzlabojiet savu plānu, lai pievienotu vairāk sludinājumus.",
    "subscription_date_expired": "Abonementa termiņš beidzies. Lūdzu, atjaunojiet savu plānu, lai pievienotu vairāk reklāmu",
    "recent_invoice": "Jaunākais rēķins",
    "transaction_id": "Darījuma ID",
    "order_id": "Pasūtījuma ID",
    "plan_type": "Plāna veids",
    "monthly": "Ikmēneša",
    "yearly": "Ik gadu",
    "plan_duration": "Ilgums",
    "interval_days": "Intervālu dienas",
    "price_and_billing": "Cena un norēķini",
    "price_and_plan": "Cena un plāns",
    "no_rules_found": "Noteikumi nav atrasti",
    "sign_up": "REĢISTRĒTIES",
    "manage_your_ads": "Pārvaldiet savus sludinājumus",
    "chat_with_anyone_anytime": "Tērzējiet ar ikvienu un jebkurā laikā",
    "keep_me_logged": "Saglabāt manu pieslēgumu",
    "forget_password": "Aizmirsu paroli",
    "dont_have_account": "Jums nav konta",
    "terms_conditions": "Noteikumi",
    "and": "un",
    "have_account": "Jums jau ir konts?",
    "sign_in_with_google": "Pierakstieties ar Google",
    "sign_in_with_linkedin": "Pierakstieties ar Linkedin",
    "sign_in_with_facebook": "Pierakstieties ar Facebook",
    "sign_in_with_twitter": "Pierakstieties ar With Twitter",
    "sign_in_with_github": "Pierakstieties ar Github",
    "sign_in_with_gitlab": "Pierakstieties ar Gitlab",
    "sign_in_with_bitbucket": "Pierakstieties ar Bitbucket",
    "or_sign_in_with_email": "vai Pierakstieties ar E-pastu",
    "login": "Pieslēgties",
    "register": "Reģistrēties",
    "how_it_work": "Kā tas darbojas",
    "create_account": "Izveidot kontu",
    "start_earning": "Sāciet pelnīt",
    "there_is_no": "Tur nav",
    "found_in_the_page": "atrasts šajā lapā",
    "add_your_first": "Pievienojiet savu pirmo",
    "go_back_home": "Atgriezties galvenajā lapā",
    "404_error_page": "404 Error Page",
    "no_data_found": "Dati nav atrasti",
    "or_sign_up_with_email": "vai pierakstieties ar E-pastu",
    "are_you_sure_want_to_delete_this_item": "Vai tiešām vēlaties dzēst šo preci?",
    "empty_contact": "Tukšs kontakts",
    "empty_message": "Tukša ziņa",
    "enter_ad_title": "Ievadiet sludinājuma nosaukumu",
    "enter_ad_price": "Ievadiet sludinājuma cenu",
    "enter_ad_min_price": "Ievadiet sludinājuma minimālo cenu",
    "enter_ad_model": "Ievadiet sludinājuma modeli",
    "enter_customer_phone_number": "Ievadiet klienta tālruņa numuru",
    "enter_another_phone_number": "Ievadiet citu tālruņa numuru",
    "filter_by_category": "Filtrēt pēc kategorijas",
    "filter_by_customer": "Filtrēt pēc klienta",
    "filter_by_city": "Filtrēt pēc pilsētas",
    "filter_by_keyword": "Filtrēt pēc atslēgvārda",
    "you_can_send_a_mail_to_multiple_email_addresses": "Varat nosūtīt ziņu uz vairākām e-pasta adresēm",
    "standard": "Standarta",
    "premium": "Premium",
    "username_or_email_address": "Lietotājvārds vai e-pasta adrese",
    "search_by_ads_title_keywords": "Meklēt pēc sludinājumu virsraksta, atslēgvārda",
    "ads_title_keyword": "Reklāmas nosaukums, atslēgas vārds",
    "type_your_message": "Ierakstiet savu ziņojumu",
    "website_url": "tīmekļa vietnes url",
    "subjects": "Priekšmeti",
    "delete_product": "Dzēst preci",
    "nothing_found": "Nekas nav atrasts",
    "copy_to_clipboard": "Kopēt saiti",
    "click_here": "Noklikšķiniet šeit",
    "verify_account": "Verificēt kontu",
    "verify_account_now": "Verificējiet savu kontu tūlīt",
    "read_agree": "Esmu izlasījis un piekrītu jūsu",
    "click_to_verify": "noklikšķiniet, lai pārbaudītu",
    "verify_your_email_address": "Pārbaudiet savu e-pasta adresi",
    "before_proceeding": "Pirms turpiniet, lūdzu, pārbaudiet, vai jūsu e-pastā nav norādīta verifikācijas saite.",
    "fresh_link": "Uz jūsu e-pasta adresi ir nosūtīta jauna verifikācijas saite.",
    "resend_link": "Atkārtoti nosūtīt saiti",
    "if_you_did_not_receive_the_email": "Ja nesaņēmāt e-pastu",
    "not_found_title": "Nav atrasts",
    "not_found_description": "Lapa, kuru meklējat, netika atrasta.",
    "clear_cache": "Iztīrīt kešatmiņu",
    "home_title": "Galvenās nosaukums",
    "home_description": "Galvenās apraksts",
    "download_app_content": "Lejupielādējiet lietotnes saturu",
    "newsletter_content": "Vēstules saturs",
    "membership_content": "Dalības saturs",
    "create_account_content": "Izveidojiet konta saturu",
    "post_ads_content": "Publicēt sludinājuma saturu",
    "start_earning_content": "Sāciet pelnīt saturu",
    "faq_content": "BUJ saturs",
    "login_or_register": "Pieteikties vai Reģistrēties",
    "manage_ads_content": "Pārvaldīt sludinājumu saturu",
    "chat_content": "Tērzēšanas saturs",
    "verified_user_content": "Verificēta lietotāja saturs",
    "update_content": "Atjaunināt saturu",
    "are_you_sure_to_update": "Vai noteikti atjaunināsiet",
    "confirmation_before_update": "Pirms atjaunināšanas pārliecinieties, vai jūsu informācija ir pareiza, pretējā gadījumā jūs varat zaudēt savus datus",
    "paystack_does_not_support": "Paystack neatbalsta",
    "no_privacy_policy_found": "Privātuma politika netika atrasta",
    "no_terms_conditions_found": "Noteikumi un nosacījumi netika atrasti",
    "contact_details": "Kontakta detaļas",
    "header_custom_style_before_head_end": "Pielāgots galvenes stils (pirms galvenes beigām)",
    "header_custom_script_before_head_end": "Galvenes pielāgotais skripts (pirms virsraksta beigām)",
    "footer_custom_script_before_body_end": "Kājenes pielāgotais skripts (pirms pamatteksta beigām)",
    "theme_logo_white_background": "Motīva logotips (balts fons)",
    "theme_logo_dark_background": "Motīva logotips (tumšs fons)",
    "website_links_optional": "Vietņu saites (neobligāti)",
    "back_up": "Rezerves kopija",
    "database_files": "Datu bāzes faili",
    "backup_now": "Dublējiet tagad",
    "sl": "SL",
    "backup": "Dublējums",
    "all_listings": "Visas preces",
    "website_link": "Tīmekļa vietnes saites",
    "all_faqs": "Visi BUJ",
    "preferences": "Preferences",
    "cookies_alert": "Sīkfailu brīdinājums",
    "custom_css_and_JS": "Pielāgots CSS un JS",
    "general": "Vispārējs",
    "theme": "Motīvs",
    "payment_gateway": "Maksājumu ceļš",
    "mobile_app_settings": "Mobilās lietotnes iestatījumi",
    "mobile_app_config": "Mobilās lietotnes konfigurācija",
    "mobile_slider": "Mobīlais slaids",
    "slider_list": "Slīdņu saraksts",
    "add_slider": "Pievienot slīdni",
    "live_mode_enable_url": "Tiešraides režīma iespējošana URL:",
    "allow_cookies_consent": "Atļaut sīkfailu piekrišanu?",
    "cookie_name": "Sīkfaila nosaukums",
    "gdpr_cookie": "GDPR sīkfails",
    "ccpa_cookie": "CCPA sīkfails",
    "lgpd_cookie": "LGPD sīkfails",
    "Select_cookie_name": "Izvēlies sīkfaila nosaukumu",
    "cookies_settings": "Sīkfailu iestatījumi",
    "seo_page_list": "Seo lapas saraksts",
    "edit_seo": "Labot Seo",
    "write_style_with_style_tag_like": "Rakstiet stilu ar stila tagu, piemēram,",
    "write_script_with_script_tag_like": "Rakstiet skriptu ar skripta tagu, piemēram,",
    "write_script_with_script_tag": "Rakstiet skriptu ar skripta tagu",
    "basic_setting": "Pamatiestatījums",
    "site_name": "Vietnes nosaukums",
    "owner_name": "Īpašnieka vārds",
    "owner_email": "Īpašnieka e-pasts",
    "recaptcha_configuration": "Recaptcha konfigurācija",
    "nocaptcha_secret": "Nocaptcha noslēpums",
    "nocaptcha_sitekey": "Nocaptcha saites atslēga",
    "website_theme_style": "Vietnes tēmas stils",
    "admin_theme_style": "Admina tēmas stils",
    "select_one": "Izvēlies vienu",
    "notifications": "Paziņojumi",
    "application_mode": "Lietojumprogrammas režīms",
    "coming_soon_mode": "Drīzumā režīms",
    "maintenance_mode": "Apkopes režīms",
    "custom_field": "Pielāgots lauks",
    "create_custom_field": "Izveidojiet pielāgotu lauku",
    "edit_custom_field": "Rediģēt pielāgoto lauku",
    "text": "Teksts",
    "textarea": "Teksta apgabals",
    "select": "Izvēlēties",
    "radio": "Radio",
    "file": "Fails",
    "url": "URL",
    "number": "Numurs",
    "date_time": "Datums Laiks",
    "checkbox": "Atzīmēt lauku",
    "checkbox_multiple": "Atzīmēt(Vairākus)",
    "type": "Tips",
    "group": "Grupa",
    "required": "Obligāti",
    "filterable": "Filtrējams",
    "listable": "Uzskaitāms",
    "add": "Pievienot",
    "add_value": "Pievienot vērtību",
    "value": "Vērtība",
    "option_name": "Opcijas nosaukums",
    "list": "Saraksts",
    "add_custom_field": "Pievienojiet pielāgotu lauku",
    "attach_custom_field": "Pievienojiet pielāgoto lauku",
    "enter_new_value": "Ievadiet jaunu vērtību",
    "manage_group": "Pārvaldīt grupu",
    "add_group": "Pievienot grupu",
    "edit_group": "Rediģēt grupu",
    "custom_field_group_list": "Pielāgotu lauku grupu saraksts",
    "add_to_categories": "Pievienot kategorijām",
    "add_custom_field_to_categories": "Pievienojiet pielāgotu lauku kategorijām",
    "watermark_on_ads_images": "Ūdenszīme uz sludinājumu attēliem",
    "watermark_type": "Ūdenszīmes veids",
    "are_you_sure_you_want_to_delete_this_item": "Vai tiešām vēlaties dzēst šo preci?",
    "contact_number": "Kontaktpersonas numurs",
    "contact_email": "E-pasts saziņai",
    "contact_address": "Kontaktadrese",
    "custom_fields": "Pielāgoti lauki",
    "delete": "Dzēst",
    "category_custom_field_value": "Kategorijas pielāgotā lauka vērtība",
    "ad_wise": "Gudrais sludinājums",
    "country": "Valsts",
    "map": "Karte",
    "map_type": "Kartes veids",
    "default_lat": "Noklusējuma platums",
    "default_long": "Noklusējuma garums",
    "example_map": "Kartes piemērs",
    "no_about_us_found": "Nekas par mums netika atrasts.",
    "are_you_sure": "Vai 'jus esat pārliecināts",
    "product_filters": "Produktu filtri",
    "are_you_sure_to_cancel_plan": "Vai tiešām vēlaties atcelt plānu?",
    "it_will_restore_current_plan_benefits": "Tas atjaunos pašreizējā plāna priekšrocības",
    "no_recent_invoice_found": "Nesens rēķins netika atrasts",
    "are_you_sure_you_want_to_expire_this_item": "Vai tiešām vēlaties beigt šīs preces aktivizāciju?",
    "page_name": "Lapas nosaukums",
    "meta_description": "Meta apraksts",
    "meta_title": "Meta virsraksts",
    "page_preview_image": "Lapas priekšskatījuma attēls",
    "enter": "Ievadiet",
    "white_logo": "Balts logotips",
    "favicon": "Favicon",
    "frontend_language_switcher": "Frontend valodas slēdzis",
    "google_login_credentiall": "Google Pierakstīšanās dati",
    "social_login_setting": "Sociālās pieteikšanās iestatījumi",
    "cookie_expiration": "Sīkdatņu derīguma termiņš",
    "force_consent": "Piespiedu piekrišana",
    "enter_cookie_expiration_day": "Ievadiet sīkfailu derīguma termiņu",
    "enter_title": "Ievadiet nosaukumu",
    "approve_button_text": "Ievadiet apstiprināt pogas tekstu",
    "enter_approve_button_text": "Ievadiet pogas apstiprināt tekstu",
    "reject_button_text": "Noraidīt pogas teksts",
    "enter_reject_button_text": "Ievadiet noraidīšanas pogas tekstu",
    "live_mode": "Live Mode",
    "public_key": "Public atslēga",
    "secret_hash": "Secret Hash",
    "merchant_id": "Merchant ID",
    "client_key": "Client atslēga",
    "server_key": "Server atslēga",
    "mollie_key": "Mollie atslēga",
    "primary_color": "Primārā krāsa",
    "secondary_color": "Sekundārā krāsa",
    "left_sidebar_background_color": "Kreisās sānjoslas fona krāsa",
    "left_sidebar_text_color": "Kreisās sānjoslas teksta krāsa",
    "top_nav_background_color": "Augšējā navigācijas fona krāsa",
    "top_nav_text_color": "Augšējā navigācijas teksta krāsa",
    "main_color": "Galvenā krāsa",
    "accent_color": "Akcenta krāsa",
    "drag_the_pointer_or_find_your_location": "Velciet rādītāju vai atrodiet savu atrašanās vietu",
    "enter_a_location": "Ievadiet atrašanās vietu",
    "gallery_add": "Pievienot no galerijas",
    "Upload_Gallery": "Augšupielādēt no galerijas",
    "Gallery_Image": "Attēls no galerijas",
    "ad_title": "Sludinājuma virsraksts",
    "sort_by": "Kārtot pēc",
    "low_to_high": "No zemākā uz augstāko",
    "high_to_low": "No augstākā uz zemāko",
    "filter_by": "Filtrēt pēc",
    "active": "Aktīvs",
    "sold": "Pārdots",
    "declined": "Noraidīts",
    "most_viewed": "Visvairāk skatīts",
    "pending": "Gaida",
    "all": "Visi",
    "clear": "Dzēst",
    "google-map": "Google karte",
    "map-box": "Mapbox",
    "total_country": "Total Country",
    "country_location": "Valsts atrašanās vieta",
    "map_box_key": "Map Box atslēga",
    "google_map_key": "Google Map atslēga",
    "map_configuration": "Map Konfigurācija",
    "hide_in_details": "Paslēpt detaļas",
    "coming_soon": "Drīzumā",
    "coming_soon_title": "Drīzumā virsrakts",
    "coming_soon_subtitle": "Drīzumā apakšvirsraksts",
    "maintenance": "Apkope",
    "maintenance_title": "Apkopes virsraksts",
    "maintenance_subtitle": "Apkopes apakšvirsraksts",
    "error_pages": "Error Pages",
    "e404_title": "E404 Title",
    "e404_subtitle": "E404 Subtitle",
    "e404_image": "E404 Image",
    "e500_title": "E500 Title",
    "e500_subtitle": "E500 Subtitle",
    "e500_image": "E500 Image",
    "e503_title": "E503 Title",
    "e503_subtitle": "E503 Subtitle",
    "e503_image": "E503 Image",
    "you_can_not_delete_or_edit_this_currency": "Jūs nevarat dzēst vai rediģēt šo valūtu",
    "verified_customer": "Verificēts klients",
    "unverified_customer": "Neverificēts klients",
    "ltr": "Ltr",
    "rtl": "Rtl",
    "expire_ads": "Derīguma termiņš sludinājumam",
    "pusher_configuration": "Pusher Configuration",
    "pusher_app_id": "Pusher App Id",
    "pusher_app_key": "Pusher App Key",
    "pusher_app_secret": "Pusher App Secret",
    "pusher_app_cluster": "Pusher App Cluster",
    "api_key": "Api Key",
    "auth_domain": "Auth Domain",
    "project_id": "Projekta ID",
    "storage_bucket": "Glabāšanas spainis",
    "messaging_sender_id": "Ziņojumapmaiņas sūtītāja ID",
    "app_id": "App Id",
    "measurement_id": "Mērījuma ID",
    "firebase_push_notification_configuration": "Firebase Push paziņojumu konfigurācija",
    "Child_Category": "Bērnu kategorija",
    "Child_Category_Name": "Bērnu kategorijas nosaukums",
    "Add_Child_Category": "Pievienot bērnu kategoriju",
    "Edit_Child _Category": "Labot bērnu kategoriju",
    "Create_Child_Category": "Izveidot bērnu kategoriju",
    "Slider": "Slīdnis",
    "Add_Slider": "Pievienot slīdni",
    "Edit_Slider": "Rediģēt slīdni",
    "Select_Tags": "Izvēlietis Tagus",
    "Staff_Picks": "Personāla izvēle",
    "Trending_Streetwear": "Populāri ielas apģērbi",
    "popular": "Populārs",
    "trending": "Tendences",
    "min_price": "Minimālā cena",
    "page_review_image": "Lapas apskata attēls",
    "name_field_is_requird": "Vārda lauks ir obligāts",
    "email_field_is_requird": "E-pasta lauks ir obligāts",
    "name_must_be_string": "Vārdam jābūt bez atstarpēm",
    "email_must_be_string": "E-pastam ir jābūt bez atstarpēm",
    "maximum_255_charecter_are_allowed": "Atļauts ne vairāk kā 255 rakstzīmes",
    "must_be_an_email": "Jābūt e-pastam",
    "email_already_taken": "E-pasta adrese jau tiek izmantota",
    "speciality": "Specialitāte",
    "smartPrice": "Gudrā cena",
    "to_get_you_started": "Lai jūs varētu sākt",
    "details": "Detaļas",
    "select_size": "Izvēlietis izmēru",
    "select_color": "Izvēlietis krāsu",
    "you_have_got": "Jums ir",
    "discount_price": "Atlaides cena",
    "shipping_options": "Piegādes iespējas",
    "select_address": "Izvēlieties adresi",
    "measurement_message": "Mērīšanas ziņojums",
    "measurements": "Mērijumi",
    "shippings": "Sūtīšana",
    "trans_subcategory": "Trans apakškategorija",
    "trans_subcategory_update": "Trans apakškategorija atjaunot",
    "test_child": "Testa bērna kategorija",
    "best_category_one": "Labākā pirmā kategorija",
    "no_child_category": "Nav bērnu kategorija",
    "shop": "Veikals",
    "subscribe_for_newsletter": "Piesakies jaunumiem E-pasta",
    "latest_product_title": "Jaunākie Produkti",
    "see_all": "Apskatīt visus",
    "subscribe_us": "Lai saņemtu jaunākās ziņas un reklāmas, abonējiet mūs.",
    "adssee": "SLUDINĀJUMIEM",
    "sellto": "PĀRDOT UZ",
    "sell": "PĀRDOT",
    "my_itmes": "MANAS PRECES",
    "my_coupons": "MANI KUPONI",
    "my_profile": "MANS PROFILS",
    "transactions": "Darījumi",
    "login_your_account": "Pierakstieties savā 2life.lv kontā, lai pirktu, pārdotu, komentētu un darītu daudz ko citu",
    "continue_with_facebook": "Turpināt ar Facebook",
    "continue_with_google": "Turpināt ar Google",
    "login_with_email": "TURPINĀT AR E-PASTU",
    "create_an_account": "Izveidot kontu",
    "create_account_to_buy": "Izveidojot kontu 2life.lv, varēsi pirkt, pārdot, komentēt un darīt daudz ko citu.",
    "create_account_with_email": "Izveidojiet kontu, izmantojot e-pastu",
    "terms_of_service": "Pakalpojuma noteikumi",
    "accept_2life": "Izveidojot kontu, es piekrītu 2life.lv",
    "agree_with_2life": "Esmu izlasījis un piekrītu jūsu",
    "size": "Izmērs",
    "condition": "Stāvoklis",
    "new_never_worn": "Jauns, Nekad neuzvilkts",
    "gently_used": "Saudzīgi lietots",
    "available_listings": "Pieejamās preces",
    "followers": "Sekotāji",
    "follow": "Sekot",
    "share_on_facebook": "Dalīties caur Facebook",
    "share_on_twitter": "Dalīties caur Twitter",
    "copy_link": "Kopēt saiti",
    "trusted_seller": "Uzticams pārdevējs",
    "quick_responder": "Ātrā atbildētājs",
    "listing": "Sarakstā",
    "seller_score": "Pārdevēja reitings",
    "feedback": "Atsauksmes",
    "fast_shipper": "Ātrs Piegādātājs",
    "item_as_described": "Prece atbilst aprakstam",
    "quick_replies": "Ātrs atbildētājs",
    "joined_in": "Pievienojās",
    "reviews": "Atsauksmes",
    "sort_by_new": "Kārtot pēc: Jauns",
    "sort_by_default": "Kārtot pēc Noklusējuma",
    "sort_by_popular": "Kārtot pēc: Populārs",
    "sort_by_trending": "Kārtot pēc: Tendences",
    "sort_by_low_price": "Kārtot pēc: Zemas cenas",
    "sort_by_high_price": "Kārtot pēc: Augstas cenas",
    "available_coupons": "Pieejamie kuponi",
    "buy_now": "Pērc tagad",
    "items_for_sale": "Preces pārdošanai",
    "make_an_offer": "Izveidot piedāvājumu",
    "sold_price": "Pārdots par:",
    "your_offer": "Jūsu Piedāvājums",
    "send_offer": "NOSŪTĪT PIEDĀVĀJUMU",
    "bet": "Likme",
    "submit": "Iesniegt",
    "report_listing": "Ziņot par sludinājumu",
    "notify_item_for_purchase": "Ja pārdevējs ir ieinteresēts un publicēs preci atkārtoti, mēs jums paziņosim, kad prece būs pieejama iegādei.",
    "worn_used": "Nēsāts, Lietots",
    "why_are_you_report_this_listing": "Why are you reporting this listing?",
    "trademark_copyright": "Trademark Copyright Or DMCA Violation",
    "insuthentic_item": "Inauthentic Item",
    "suspicious_seller_or_potential": "Suspicious Seller Or Potential Scam",
    "notes": "Piezīmes",
    "report_listings": "Report Listings",
    "color": "Krāsa",
    "very_worn": "Ļoti nolietots",
    "add_measurements": "Ja pievienosiet izmērus, jums ir par 40% lielāka iespēja pārdot šo preci. Iekļaujiet maksimāli daudz izmērus.",
    "in": "IN",
    "cm": "CM",
    "floor_price": "Atlaides cena automātiski samazina jūsu sludinājuma cenu par 10% vislabākajā laikā katru nedēļu, līdz tā sasniedz jūsu minimālo cenu.",
    "shipping_options_very_depending_on_the_address": "Piegādes iespējas atšķiras atkarībā no adreses, no kuras sūtāt preci.",
    "purchase_label": "Purchase a label through Paypal or your preferred carrier.",
    "add_address": "Pievienot adresi",
    "add_new_address": "Pievienot jaunu adresi",
    "done": "Gatavs",
    "save_address": "Saglabāt adresi",
    "unfollow": "Atsekot",
    "fb_pixel_id": "Facebook Pixel ID",
    "fb_app_id": "Facebook App ID",
    "google_analytics_id": "Google Analytics ID",
    "search_place": "Meklēt...",
    "your_listings": "Jūsu sludinājumi",
    "boosted_by_2life": "Boosted by 2life",
    "curated_collections_your": "Curated Collections Your",
    "2life": "2life",
    "new_one": "Jauns",
    "Your Listings": "Jūsu sludinājumi",
    "Boosted by 2life": "Pastiprināts no 2life",
    "Curated Collections Your": "Kolekcijas preces jums",
    "FROM PEOPLE FOR PEOPLE": "NO CILVĒKA PIE CILVĒKA",
    "Buy, sell, discover authenticated pieces": "Pērciet, pārdodiet, atklājiet autentiskus gabalus",
    "KIDS": "BĒRNIEM",
    "MENSWEAR": "VĪRIEŠIEM",
    "WOMENSWEAR": "SIEVIETĒM",
    "ACCESSORIES": "AKSESUĀRI",
    "BABY CARE": "BĒRNU APRŪPE",
    "BAGS AND LUGGAGE": "SOMAS & BAGĀŽA",
    "BOTTOMS": "BIKSES & ŠORTI",
    "BOYS CLOTHING": "ZĒNU APĢĒRBS",
    "DRESSES": "KLEITAS",
    "FOOTWEAR": "APAVI",
    "GIRLS CLOTHING": "MEITEŅU APĢĒRBS",
    "HOME ACCESSORIES": "MĀJAS PIEDERUMI",
    "JEWELRY": "ROTAS",
    "OUTERWEAR": "VIRSDRĒBES",
    "RIDE-ON TOYS": "ROTAĻLIETAS",
    "STROLLERS": "RATIŅI",
    "TAILORING": "UZVALKI & ŽAKETES",
    "TEXTILES": "TEKSTILS",
    "TOPS": "T-KREKLI & TOPI",
    "TOYS": "ROTAĻLIETAS",
    "BAGS & LUGGAGE": "SOMAS & BAGĀŽA",
    "BEDDING": "GULTAS VEĻA",
    "BELT BAGS": "JOSTAS SOMAS",
    "BICYCLES": "VELOSIPĒDI",
    "BLOUSES": "BLŪZES",
    "BUTTON UPS": "POGĀJAMI",
    "CREATIVE DRESSES": "RADOŠĀS KLEITAS",
    "DINNERWARE": "TRAUKI",
    "DISPLAY SHELVES": "ATVĒRTIE PLAUKTI",
    "DENIM JACKETS": "DŽINSU JAKAS",
    "DIAPERS & SKINCARE": "AUTIŅI & ĀDAS KOPŠANA",
    "COATS": "MĒTEĻI",
    "FLATS": "PLAKANĀ ZOLE ",
    "FORMAL SHIRTING": "FORMĀLS KREKLS",
    "HATS": "CEPURES",
    "HEAVY COATS": "SMAGIE MĒTEĻI",
    "DENIM": "DŽINSI",
    "MINI DRESSES": "ĪSAS KLEITAS",
    "JEANS": "DŽINSI",
    "JUMPSUITS": "JUMPSUITI",
    "MAXI SKIRTS": "GARIE SVĀRKI",
    "PANTS": "AUDUMA BIKSES",
    "MIDI SKIRTS": "VIDĒJI SVĀRKI",
    "SHORTS": "ŠORTI",
    "WOODEN TOYS": "KOKA ROTAĻLIETAS",
    "POLOS": "POLO",
    "LONG SLEEVE T-SHIRTS": "T-KREKLI AR GARĀM PIEDURKNĒM",
    "test": "Pārbaude",
    "SWEATERS": "DŽEMPERI",
    "SWEATERS & KNITWEAR": "DŽEMPERI & TRIKOTĀŽA",
    "ACTION FIGURES": "ROTAĻLIETU FIGŪRAS",
    "BABY CLOTHING": "BĒRNU APĢĒRBS",
    "BABY WALKERS": "BĒRNU STAIGUĻI",
    "BACKPACKS": "MUGURSOMAS",
    "BELTS": "JOSTAS",
    "BIKE SEATS & TRAILERS": "VELO SĒDEKLIS & PIEKABES",
    "BLANKETS": "SEGAS",
    "BLAZERS": "BLEIZERI",
    "BODY JEWELRY": "ĶERMEŅA ROTAS",
    "BODY SUITS": "BODIJI",
    "BOMBERS JACKETS": "BOMBER JAKAS",
    "BOOTS": "ZĀBAKI",
    "BRACELETS": "ROKASSPRĀDZES",
    "BROOCHES": "BROŠAS",
    "BUCKET BAGS": "BUCKET SOMAS",
    "CANDLE & CANDLE HOLDERS": "SVECES & SVEČTURI",
    "CASUAL LEATHERS": "ĀDAS IKDIENAI",
    "CASUAL PANTS": "BIKSES IKDIENAI",
    "CHARMS": "CHARMS ROTAS",
    "CHILDCARE ACCESSORIES": "BĒRNU APRŪPES PIEDERUMI",
    "CLOAK CAPES": "APMETIŅI",
    "CLOCKS": "PULKSTEŅI",
    "CLUTCHES": "CLUTCH SOMAS",
    "CONSTRUCTION TOYS": "CELTNIECĪBAS ROTAĻLIETAS",
    "CROP TOPS": "ĪSI TOPI",
    "CROPPED PANTS": "ĪSAS BIKSES",
    "CURTAINS & DRAPES": "AIZKARI & DRAPĒRIJAS",
    "CUTLERY": "GALDA PIEDERUMI",
    "CUFFLINKS": "APROČU POGAS",
    "DOLLS": "LELLES",
    "DOWN JACKETS": "DŪNU JAKAS",
    "DRINKWARE": "DZĒRIENU GLĀZES",
    "EARRINGS": "AUSKARI",
    "EDUCATIONAL TOYS": "IZGLĪTOJOŠĀS ROTAĻLIETAS",
    "ELECTRONIC GAMES": "ELEKTRONISKĀS SPĒLES",
    "FORMAL SHOES": "FORMĀLIE APAVI",
    "FORMAL TROUSERS": "FORMĀLĀS BIKSES",
    "FUR & FAUX FUR": "MĀKSLĪGĀS KAŽOKĀDAS",
    "GLASSES": "BRILLES",
    "GLOVES & SCARVES": "CIMDI & ŠALLES",
    "GOWNS": "LĪGAVU KLEITAS",
    "HAIR ACCESSORIES": "MATU AKSESUĀRI",
    "HEELS": "AUGSTPAPĒŽU",
    "HI-TOP SNEAKERS": "AUGSTĀS KEDAS",
    "HOBO BAGS": "HOBO SOMAS",
    "HOODIES": "DŽEMPERI AR KAPUCI",
    "JACKETS": "JAKAS",
    "JERSEYS": "DŽERSIJI",
    "JEWELRY & WATCHES": "ROTAS & PULKSTEŅI",
    "JOGGERS": "DŽOGERI",
    "KITCHEN TOYS": "VIRTUVES ROTAĻLIETAS",
    "LEATHER JACKETS": "ĀDAS JAKAS",
    "LEGGINGS": "LEGINGI",
    "LIGHT JACKETS": "PLĀNAS JAKAS",
    "LOW-TOP SNEAKERS": "ZEMAS KEDAS",
    "MAXI DRESSES": "GARAS KLEITAS",
    "MIDI DRESSES": "VIDĒJAS KLEITAS",
    "MINI BAGS": "MINI SOMAS",
    "MINI SKIRTS": "MINI SVĀRKI",
    "MIRRORS": "SPOGUĻI",
    "MISCELLANEOUS": "DAŽĀDI & ATSTAROJOŠI",
    "MULES": "MULES",
    "MUSICAL TOYS": "MŪZIKAS ROTAĻLIETAS",
    "NECKLACES": "KAKLAROTAS",
    "NURSING & FEEDING": "KOPŠANA & BAROŠANA",
    "OUTDOOR TOYS": "ĀRA ROTAĻLIETAS",
    "OUTDOOR VEHICLES": "ĀRA TRANSPORTLĪDZEKĻI",
    "OVERALLS & JUMPSUITS": "KOMBINEZONI & JUMPSUITI ",
    "PANTS & SHORTS": "BIKSES & ŠORTI",
    "PARKAS": "PARKAS",
    "PICTURE & PHOTO FRAMES": "ATTĒLU & FOTO RĀMJI",
    "PLATFORMS": "PLATFORMAS",
    "POTTIES": "PODIŅI",
    "PUSH & PULL TOYS": "STUMJAMĀS & VELKAMĀS ROTAĻLIETAS",
    "RAIN JACKETS": "LIETUS JAKAS",
    "RAINCOATS": "LIETUSMĒTEĻI",
    "RINGS": "GREDZENI",
    "ROLLER SKATES": "SKRITUĻSLIDAS",
    "RUGS & MATS": "PAKLĀJI",
    "SAFETY": "DROŠĪBA",
    "SANDALS": "SANDALES",
    "SCARVES": "ŠALLES",
    "SCOOTERS": "SKREJRITEŅI",
    "SHIRTS (BUTTON UPS)": "KREKLI (AR POGĀM)",
    "SHOES": "KURPES",
    "SHORT SLEEVE T-SHIRTS": "T-KREKLI AR ĪSĀM PIEDURKNĒM",
    "SHOULDER BAGS": "PLECU SOMAS",
    "SKIRTS": "SVĀRKI",
    "SLEDS, SKIS & SNOWBOARDS": "RAGAVAS, SLĒPES UN SNIEGA DĒĻI",
    "SLEEP ACCESSORIES": "PIEDERUMI MIEGAM",
    "SLEEPING TOYS": "ROTAĻLIETAS MIEGAM",
    "SLEEPWEAR": "PIDŽAMAS",
    "SLIP ONS": "IEŠĻŪCENES",
    "SOCKS & INTIMATES": "ZEĶES & APAKŠVEĻA",
    "SOFT TOYS": "MĪKSTAS ROTAĻLIETAS",
    "SPORT STROLLERS": "SPORTA RATIŅI",
    "SPORTSWEAR": "SPORTA APĢĒRBS",
    "STORAGE": "GLABĀŠANAS",
    "STROLLER ACCESSORIES": "RATIŅU PIEDERUMI",
    "STROLLER PARTS": "RATIŅU DETAĻAS",
    "STROLLERS FOR TWINS": "RATIŅI DVĪŅIEM",
    "SUITS": "UZVALKI",
    "SUNGLASSES": "SAULESBRILLES",
    "SWEATERS & HOODIES": "ADĪTI DŽEMPERI & AR KAPUCI",
    "SWEATPANTS": "TRENIŅBIKSES",
    "SWEATPANTS & JOGGERS": "TRENIŅBIKSES & DŽOGERI",
    "SWEATSHIRTS": "DŽEMPERI",
    "SWEATSHIRTS & HOODIES": "DŽEMPERI & AR KAPUCI",
    "SWIMWEAR": "PELDAPĢĒRBS",
    "TABLE LINEN": "GALDA VEĻA",
    "TANK TOPS": "TANK TOPI",
    "TANK TOPS & SLEEVELESS": "TANK TOPI & BEZ PIEDURKNĒM",
    "TAPESTRIES & WALL HANGINGS": "GOBELĒNI & SIENU DEKORI",
    "THROW PILLOWS": "DEKORATĪVIE SPILVENI",
    "TOPS & T-SHIRTS": "TOPI & T-KREKLI",
    "TOWELS": "DVIEĻI",
    "TUXEDOS": "SMOKINGI",
    "UMBRELLA STROLLERS": "LIETUSSARGU RATIŅI",
    "UNDERWEAR & SOCKS": "APAKŠVEĻA & ZEĶES",
    "UNIVERSAL STROLLERS": "UNIVERSĀLIE RATIŅI",
    "VASES": "VĀZES",
    "VESTS": "VESTES",
    "WALLETS": "MAKI",
    "WATCHES": "PULKSTEŅI",
    "ad_posting_before": "Kupons tiks iekasēts par sludinājuma ievietošanu un būs aktīvs ",
    "ad_posting_after": " dienas pēc sludinājuma ievietošanas.Pēc šī perioda jūs varat atjaunot šo sludinājumu izmantojot papildus kuponu.",
    "WHEEL & CAR CHAIRS": "RITEŅU & MAŠĪNU KRĒSLI",
    "BOMBER JACKETS": "BOMBER JAKAS",
    "listings": "Preces",
    "min": "Minimālā",
    "max": "Maksimālā",
    "already_have_an_account": "Jau ir konts",
    "note": "Ziņa",
    "please_leave_a_note": "Lūdzu, atstājiet ziņu",
    "user_name": "Lietotājvārds",
    "show_in_ads_details": "Rādīt sludinājuma detaļas ",
    "payments_account_info": "Maksājumu konta informācija",
    "use_the_my_sizes_filter_to_personalize_your_search_results": "Izmantot manu izmēru filtru, lai personalizētu meklēšanas rezultātu",
    "to_get_you_started_we_have_pre":"Lai jūs sāktu, mums ir iepriekš",
    "explore_our_guide_for_the_best_tips_on_selling_on_2life":"Izpētiet mūsu ceļvedi, lai iegūtu labākos padomus par pārdošanu vietnē 2life.lv",
    "department_category":"Nodaļa / Kategorija",
    "please_select_subcategory":"Lūdzu, izvēlieties apakškategoriju",
    "shipping_region":"Piegādes reģions",
    "app_suite":"Lietotņu komplekts",
    "state":"Valsts",
    "zipcode":"Pasta indekss",
    "publish":"Publicēt",
    "street_address":"Street Address",
    "shipping_options_vary_depending_on_the_address":"shipping options vary depending on the address"
}
