{
    "dashboard": "ড্যাশবোর্ড",
    "categories": "ক্যাটাগরি",
    "category": "শ্রেণী",
    "subcategory": "উপশ্রেণি",
    "location": "অবস্থান",
    "city": "শহর",
    "town": "শহর",
    "testimonial": "প্রশংসাপত্র",
    "blog": "ব্লগ",
    "post": "পোস্ট",
    "post_category": "পোস্ট বিভাগ",
    "brand": "ব্র্যান্ড",
    "all_brand": "সকল ব্র্যান্ড",
    "tag": "ট্যাগ",
    "contact": "যোগাযোগ",
    "ad": "বিজ্ঞাপন",
    "newsletter": "নিউজলেটার",
    "email_list": "ইমেল তালিকা",
    "ads": "বিজ্ঞাপন",
    "customer_list": "গ্রাহক তালিকা",
    "customer_details": "গ্রাহক বিবরণ",
    "view_customer_ads": "গ্রাহক বিজ্ঞাপন দেখুন",
    "others": "অন্যান্য",
    "faq_category": "FAQ বিভাগ",
    "create_faq_category": "Faq বিভাগ তৈরি করুন",
    "faq": "প্রশ্ন",
    "posting_rules": "পোস্ট করার নিয়ম",
    "about": "সম্পর্কিত",
    "terms": "শর্তাবলী",
    "privacy": "গোপনীয়তা",
    "purchase_plan": "Purchase Plan",
    "plans": "পরিকল্পনা সমূহ",
    "pricing_plan": "মূল্য পরিকল্পনা",
    "order": "অর্ডার",
    "skins": "স্কিনস",
    "user_role_manage": "ব্যবহারকারী এবং ভূমিকা পরিচালনা",
    "add_role": "ভূমিকা যোগ করুন",
    "all_users": "সকল ব্যবহারকারী",
    "all_roles": "সমস্ত ভূমিকা",
    "settings": "সেটিংস",
    "on": "On",
    "off": "Off",
    "logout": "প্রস্থান",
    "language": "ভাষা",
    "search": "অনুসন্ধান",
    "quick_actions": "দ্রুত অ্যাকশন",
    "add_ad": "বিজ্ঞাপন যোগ করুন",
    "add_user": "ব্যবহারকারী যোগ করুন",
    "add_customer": "গ্রাহক যোগ করুন",
    "create_customer": "গ্রাহক তৈরি করুন",
    "edit_customer": "গ্রাহক সম্পাদনা করুন",
    "delete_customer": "গ্রাহক মুছুন",
    "member_since": "থেকে সদস্য",
    "profile": "প্রোফাইল",
    "sign_out": "সাইন আউট",
    "total_customer": "মোট গ্রাহক",
    "total_ads": "মোট বিজ্ঞাপন",
    "active_ads": "সক্রিয় বিজ্ঞাপন",
    "pending_ads": "মুলতুবি বিজ্ঞাপন",
    "featured_ads": "বৈশিষ্ট্যযুক্ত বিজ্ঞাপন",
    "drafted_ads": "খসড়া বিজ্ঞাপন",
    "total_blog_posts": "মোট ব্লগ পোস্ট",
    "your_earnings_overview": "আপনার উপার্জন ওভারভিউ",
    "earnings": "আয়",
    "all_category" : "সকল বিভাগ",
    "add_category": "বিভাগ যোগ করুন",
    "category_list": "বিভাগ তালিকা",
    "image": "ছবি",
    "name": "নাম",
    "icon": "আইকন",
    "actions": "কর্ম",
    "subcategory_name": "উপশ্রেণির নাম",
    "add_subcategory": "উপশ্রেণী যোগ করুন",
    "city_list": "শহরের তালিকা",
    "add_city": "শহর যোগ করুন",
    "city_name": "শহরের নাম",
    "created_date": "তৈরীর তারিখ",
    "last_updated": "সর্বশেষ সংষ্করণ",
    "town_list": "শহরের তালিকা",
    "town_name": "শহরের নাম",
    "add_testimonial": "প্রশংসাপত্র যোগ করুন",
    "create": "সৃষ্টি",
    "update": "হালনাগাদ",
    "cancel": "বাতিল করুন",
    "back": "পেছনে",
    "position": "অবস্থান",
    "default": "ডিফল্ট",
    "stars": "তারা",
    "description": "বর্ণনা",
    "create_testimonial": "প্রশংসাপত্র তৈরি করুন",
    "post_list": "পোস্ট তালিকা",
    "create_post": "পোস্ট তৈরি করুন",
    "title": "শিরোনাম",
    "tags": "ট্যাগ",
    "short_description": "ছোট বিবরণ",
    "thumbnail_image": "থাম্বনেইল ছবি",
    "choose_image": "ছবি নির্বাচন করুন",
    "edit_post": "পোস্ট সম্পাদনা করুন",
    "update_post": "পোস্ট আপডেট করুন",
    "brand_list": "ব্র্যান্ড তালিকা",
    "add_brand": "ব্র্যান্ড যোগ করুন",
    "brand_name": "পরিচিতিমুলক নাম",
    "edit_brand": "ব্র্যান্ড সম্পাদনা করুন",
    "update_brand": "ব্র্যান্ড আপডেট করুন",
    "tag_list": "ট্যাগ তালিকা",
    "tag_name": "নাম যোগ করা",
    "add_tag": "ট্যাগ যোগ করুন",
    "edit_tag": "ট্যাগ সম্পাদনা করুন",
    "update_tag": "আপডেট ট্যাগ",
    "email": "ইমেইল",
    "subject": "বিষয়",
    "date": "তারিখ",
    "appearance": "চেহারা",
    "contact_list": "যোগাযোগ তালিকা",
    "ad_list": "বিজ্ঞাপন তালিকা",
    "ad_gallary": "বিজ্ঞাপন গ্যালারি",
    "thumbnail": "থাম্বনেল",
    "price": "দাম",
    "mark_as_active": "সক্রিয় হিসাবে চিহ্নিত করুন",
    "mark_as_pending": "মুলতুবি হিসাবে চিহ্নিত করুন",
    "mark_as_sold": "বিক্রয় হিসাবে চিহ্নিত করুন",
    "mark_as_declined": "প্রত্যাখ্যান হিসাবে চিহ্নিত করুন",
    "category_details": "বিভাগ বিবরণ",
    "subcategory_details": "উপশ্রেণি বিবরণ",
    "brand_details": "ব্র্যান্ডের বিবরণ",
    "city_details": "শহরের বিবরণ",
    "ad_details": "বিজ্ঞাপনের বিবরণ",
    "customer": "ক্রেতা",
    "model": "মডেল",
    "seo": "এসইও",
    "seo_settings": "এসইও সেটিংস",
    "seo_meta_title": "এসইও মেটা শিরোনাম",
    "seo_meta_description": "এসইও মেটা বর্ণনা",
    "seo_meta_keywords": "এসইও মেটা কীওয়ার্ড",
    "social_login": "সামাজিক লগইন",
    "setup_guide": "সেটআপ গাইড",
    "google_login_credential": "গুগল লগইন শংসাপত্র",
    "facebook_login_credential": "ফেসবুক লগইন শংসাপত্র",
    "twitter_login_credential": "টুইটার লগইন শংসাপত্র",
    "linkedin_login_credential": "লিঙ্কডইন লগইন শংসাপত্র",
    "github_login_credential": "Github লগইন শংসাপত্র",
    "gitlab_login_credential": "গিটল্যাব লগইন শংসাপত্র",
    "bitbucket_login_credential": "বিটবাকেট লগইন শংসাপত্র",
    "client_id": "ক্লায়েন্ট আইডি",
    "client_secret": "ক্লায়েন্ট সিক্রেট",
    "merchant_email": "বণিক ইমেল",
    "featured": "বৈশিষ্ট্যযুক্ত",
    "total_views": "সব দেখা",
    "ad_link": "বিজ্ঞাপন লিঙ্ক",
    "features": "বৈশিষ্ট্য",
    "galleries": "গ্যালারি",
    "faq_category_list": "Faq বিভাগ তালিকা",
    "edit_faq_category": "FAQ বিভাগ সম্পাদনা করুন",
    "add_faq": "FAQ যোগ করুন",
    "update_posting_rules": "পোস্ট করার নিয়ম আপডেট করুন",
    "update_about": "সম্পর্কে আপডেট",
    "terms_condition": "বিধি - নিষেধ এবং শর্তাবলী",
    "privacy_policy": "গোপনীয়তা নীতি",
    "update_privacy_policy": "গোপনীয়তা নীতি আপডেট করুন",
    "default_subscription_type": "ডিফল্ট সদস্যতা প্রকার",
    "set_recommended_package": "প্রস্তাবিত প্যাকেজ সেট করুন",
    "one_time": "একবার",
    "recurring": "পুনরাবৃত্ত",
    "save": "সংরক্ষণ",
    "add_plan": "পরিকল্পনা যোগ করুন",
    "ads_limit": "বিজ্ঞাপন সীমা",
    "featured_ads_limit": "বৈশিষ্ট্যযুক্ত বিজ্ঞাপন সীমা",
    "badge": "ব্যাজ",
    "premium_badge": "প্রিমিয়াম ব্যাজ",
    "multiple_image": "একাধিক চিত্র",
    "customer_support": "গ্রাহক সমর্থন",
    "edit_plan": "পরিকল্পনা সম্পাদনা করুন",
    "delete_plan": "প্ল্যান মুছুন",
    "recommended": "প্রস্তাবিত",
    "create_plan": "পরিকল্পনা তৈরি করুন",
    "label": "লেবেল",
    "ad_limit": "বিজ্ঞাপন সীমা",
    "post_ad_limit": "Post Ad Limit",
    "featured_limit": "বৈশিষ্ট্যযুক্ত সীমা (হোম পৃষ্ঠায় বৈশিষ্ট্যযুক্ত বিজ্ঞাপন)",
    "change_home_page_skin": "হোম পেজ স্কিন পরিবর্তন করুন",
    "activate": "সক্রিয় করুন",
    "deactivate": "নিষ্ক্রিয় করুন",
    "users_list": "ব্যবহারকারীদের তালিকা",
    "roles": "ভূমিকা",
    "no_results_found": "কোন ফলাফল পাওয়া যায়নি",
    "there_is_no_plan_found_in_this_page": "এই পৃষ্ঠায় কোন পরিকল্পনা পাওয়া যায় নি",
    "add_your_first_plan": "আপনার প্রথম পরিকল্পনা যোগ করুন",
    "create_user": "ব্যবহারকারী তৈরি করুন",
    "password": "পাসওয়ার্ড",
    "assign_roles": "ভূমিকা বরাদ্দ করুন",
    "enter_new_name": "নতুন নাম লিখুন",
    "enter_new_email": "নতুন ইমেইল লিখুন",
    "choose_file": "ফাইল পছন্দ কর",
    "enter_new_password": "নতুন পাসস্বরদ দিন",
    "select_roles": "ভূমিকা নির্বাচন করুন",
    "roles_list": "ভূমিকা তালিকা",
    "permission": "অনুমতি",
    "create_role": "ভূমিকা তৈরি করুন",
    "role_name": "নামভূমিকা",
    "language_list": "ভাষার তালিকা",
    "add_language": "ভাষা যোগ করুন",
    "code": "কোড",
    "flag": "পতাকা",
    "create_language": "ভাষা তৈরি করুন",
    "direction": "অভিমুখ",
    "edit_language": "ভাষা সম্পাদনা করুন",
    "translate_language": "ভাষা অনুবাদ করুন",
    "currency_list": "মুদ্রা তালিকা",
    "add_currency": "মুদ্রা যোগ করুন",
    "create_currency": "মুদ্রা তৈরি করুন",
    "edit_currency": "মুদ্রা সম্পাদনা করুন",
    "symbol": "প্রতীক",
    "exchange_rate": "বিনিময় হার",
    "website": "ওয়েবসাইট",
    "system": "পদ্ধতি",
    "system_setting": "সিস্টেম সেটিং",
    "app_name": "অ্যাপ্লিকেশন নাম",
    "app_env": "অ্যাপ এনভায়রনমেন্ট",
    "app_debug": "অ্যাপ ডিবাগ",
    "app_url": "অ্যাপ URL",
    "app_configuration": "অ্যাপ কনফিগারেশন",
    "db_configuration": "ডাটাবেস কনফিগারেশন",
    "db_connection": "সংযোগ",
    "db_host": "হোস্ট",
    "db_port": "বন্দর",
    "db_name": "নাম",
    "db_username": "ব্যবহারকারীর নাম",
    "db_password": "পাসওয়ার্ড",
    "website_configuration": "ওয়েবসাইট কনফিগারেশন",
    "show_regular_ads_on_homepage": "হোমপেজে নিয়মিত বিজ্ঞাপন দেখান",
    "show_featured_ads_on_homepage": "হোমপেজে বৈশিষ্ট্যযুক্ত বিজ্ঞাপন দেখান",
    "customer_email_verification": "গ্রাহক ইমেল যাচাইকরণ",
    "ads_admin_approval": "বিজ্ঞাপন অ্যাডমিন অনুমোদন",
    "default_language_currency": "ডিফল্ট ভাষা এবং মুদ্রা",
    "set_default_language": "ডিফল্ট ভাষা সেট করুন",
    "set_default_currency": "ডিফল্ট মুদ্রা সেট করুন",
    "layout": "লেআউট",
    "color_picker": "কালার পিকার",
    "custom_css_js": "কাস্টম সিএসএস এবং জেএস",
    "mail": "মেইল",
    "email_template": "ইমেইল টেমপ্লেট",
    "phone": "ফোন",
    "address": "ঠিকানা",
    "map_address": "মানচিত্র ঠিকানা",
    "site_email": "সাইট ইমেল",
    "facebook": "ফেসবুক",
    "twitter": "টুইটার",
    "instagram": "ইনস্টাগ্রাম",
    "youtube": "ইউটিউব",
    "linkedin": "লিঙ্কডইন",
    "whatsapp": "হোয়াটসঅ্যাপ",
    "whatsapp_number": "Whatsapp প্রোফাইল URL",
    "get_help": "সাহায্য পান",
    "android": "অ্যান্ড্রয়েড",
    "ios": "আইওএস",
    "site_logo": "সাইটের লোগো",
    "site_favicon": "সাইট ফেভিকন",
    "loader_image": "লোডার ইমেজ",
    "home": "বাড়ি",
    "layout_setting": "লেআউট সেটিং",
    "left_navigation_layout": "বাম নেভিগেশন লেআউট",
    "top_navigation_layout": "শীর্ষ নেভিগেশন লেআউট",
    "sidebar_color": "সাইডবার রঙ",
    "nav_color": "নেভি কালার",
    "header_custom_style": "হেডার কাস্টম শৈলী",
    "header_custom_script": "হেডার কাস্টম স্ক্রিপ্ট",
    "before_head_end": "মাথা শেষ হওয়ার আগে",
    "footer_custom_script": "ফুটার কাস্টম স্ক্রিপ্ট",
    "before_body_end": "শরীরের শেষের আগে",
    "mail_driver": "মেইল ড্রাইভার",
    "mail_host": "মেল হোস্ট",
    "mail_port": "মেইল পোর্ট",
    "mail_username": "মেল ব্যবহারকারীর নাম",
    "mail_password": "মেইল পাসওয়ার্ড",
    "mail_encryption": "মেল এনক্রিপশন",
    "mail_from_address": "ঠিকানা থেকে মেইল",
    "mail_from_name": "নাম থেকে মেইল",
    "copyright": "কপিরাইট",
    "all_rights_reserved": "সমস্ত অধিকার সংরক্ষিত",
    "delete_category": "বিভাগ মুছুন",
    "go_to_link": "লিঙ্কে যান",
    "admin": "অ্যাডমিন",
    "choose_an_image": "একটি ইমেজ চয়ন করুন",
    "select_category": "বিভাগ নির্বাচন করুন",
    "select_categories": "বিভাগ নির্বাচন করুন",
    "enter_post_title": "পোস্টের শিরোনাম লিখুন",
    "select_tag": "ট্যাগ নির্বাচন করুন",
    "write_short_description_of_post": "পোস্টের সংক্ষিপ্ত বিবরণ লিখুন...",
    "write_description_of_post": "পোস্টের বর্ণনা লিখুন...",
    "enter_blog_title": "ব্লগ শিরোনাম লিখুন",
    "delete_post": "পোস্ট মুছুন",
    "create_brand": "ব্র্যান্ড তৈরি করুন",
    "enter_brand_name": "ব্র্যান্ডের নাম লিখুন",
    "brand_edit": "ব্র্যান্ড সম্পাদনা",
    "edit_category": "বিভাগ সম্পাদনা করুন",
    "category_name": "বিভাগ নাম",
    "enter_category_name": "ক্যাটাগরির নাম লিখুন",
    "subcategory_list": "উপশ্রেণি তালিকা",
    "edit_subcategory": "উপশ্রেণি সম্পাদনা করুন",
    "delete_subcategory": "উপশ্রেণী মুছুন",
    "create_subcategory": "উপশ্রেণি তৈরি করুন",
    "enter_subcategory_name": "উপশ্রেণির নাম লিখুন",
    "view_message": "বার্তা দেখুন",
    "delete_contact": "পরিচিতি মুছুন",
    "add_contact": "পরিচিতি যোগ করুন",
    "phone_number": "ফোন নম্বর",
    "faq_list": "FAQ তালিকা",
    "question": "প্রশ্ন",
    "answer": "উত্তর",
    "create_faq": "FAQ তৈরি করুন",
    "enter_a_question": "একটি বন্ধু পূর্ণ নাম লিখুনএকটি বন্ধু পূর্ণ নাম লিখুন",
    "write_the_answer": "উত্তর টি লিখো",
    "edit_faq": "FAQ সম্পাদনা করুন",
    "update_faq": "FAQ আপডেট করুন",
    "edit_city": "শহর সম্পাদনা করুন",
    "delete_city": "শহর মুছুন",
    "select_image": "ছবি নির্বাচন করুন",
    "enter_city_name": "শহরের নাম লিখুন",
    "create_town": "শহর তৈরি করুন",
    "select_city": "শহর নির্বাচন করুন",
    "enter_town_name": "শহরের নাম লিখুন",
    "edit_town": "শহর সম্পাদনা করুন",
    "add_town": "শহর যোগ করুন",
    "delete_town": "টাউন মুছুন",
    "plan_list": "পরিকল্পনা তালিকা",
    "select_plan": "পরিকল্পনা নির্বাচন করুন",
    "yes": "হ্যাঁ",
    "no": "না",
    "delete_tag": "ট্যাগ মুছুন",
    "create_tag": "ট্যাগ তৈরি করুন",
    "enter_tag_name": "ট্যাগের নাম লিখুন",
    "testimonial_list": "প্রশংসাপত্রের তালিকা",
    "delete_testimonial": "প্রশংসাপত্র মুছুন",
    "enter_name": "রত",
    "edit_testimonial": "প্রশংসাপত্র সম্পাদনা করুন",
    "write_description_of_testimonial": "প্রশংসাপত্রের বর্ণনা লিখুন",
    "wishlist": "ইচ্ছেতালিকা",
    "product_name": "পণ্যের নাম",
    "pricing_plan_limit": "মূল্য পরিকল্পনা সীমা",
    "edit_free_limit": "বিনামূল্যে সীমা সম্পাদনা করুন",
    "forgot_password": "পাসওয়ার্ড ভুলে গেছেন",
    "send_password_reset_link": "পাসওয়ার্ড রিসেট লিঙ্ক পাঠান",
    "admin_forgot_password": "অ্যাডমিন পাসওয়ার্ড ভুলে গেছেন",
    "reset_password": "পাসওয়ার্ড রিসেট করুন",
    "update_password": "পাসওয়ার্ড আপডেট করুন",
    "email_address": "ইমেইল ঠিকানা",
    "registered_at": "নিবন্ধিত এ",
    "profile_updated_at": "প্রোফাইল আপডেট করা হয়েছে এ",
    "go_to_settings": "সেটিংস এ যান",
    "profile_settings": "প্রোফাইল সেটিংস",
    "change_image": "ছবি পরিবর্তন করুন",
    "change_password": "পাসওয়ার্ড পরিবর্তন করুন",
    "current_password": "বর্তমান পাসওয়ার্ড",
    "new_password": "নতুন পাসওয়ার্ড",
    "confirm_password": "পাসওয়ার্ড নিশ্চিত করুন",
    "update_profile": "প্রফাইল হালনাগাদ",
    "enter_current_password": "বর্তমান পাসওয়ার্ড লিখুন",
    "confirm_new_password": "নিশ্চিত কর নতুন গোপননম্বর",
    "enter_role_name": "ভূমিকার নাম লিখুন",
    "basic": "মৌলিক",
    "social_media_links": "সোশ্যাল মিডিয়া লিংক",
    "social_media": "সোশ্যাল মিডিয়া",
    "pinterest": "Pinterest",
    "reddit": "Reddit",
    "github": "Github",
    "other": "Other",
    "logo": "লোগো",
    "enter_site_phone": "সাইট ফোন লিখুন",
    "edit_role": "ভূমিকা সম্পাদনা করুন",
    "module": "মডিউল",
    "module_settings": "মডিউল সেটিংস",
    "website_setting": "ওয়েবসাইট সেটিংস",
    "theme_setting": "থিম সেটিং",
    "payment_gateway_setting": "পেমেন্ট গেটওয়ে সেটিংস",
    "navbar_color": "নববার রঙ",
    "currency": "মুদ্রা",
    "inactivate": "নিষ্ক্রিয় করুন",
    "mail_settings": "মেল সেটিংস",
    "send_test_mail": "টেস্ট মেইল ​​পাঠান",
    "send_mail": "মেইল পাঠাও",
    "to": "প্রতি",
    "body": "বার্তা",
    "change_mail_username": "মেল ব্যবহারকারীর নাম পরিবর্তন করুন",
    "change_mail_password": "মেইল পাসওয়ার্ড পরিবর্তন করুন",
    "enter_email": "ইমেইল প্রদান করুন",
    "paypal_settings": "পেপাল সেটিংস",
    "paystack_settings": "পেস্ট্যাক সেটিংস",
    "stripe_settings": "স্ট্রাইপ সেটিংস",
    "midtrans_setting": "মিডট্রান্স সেটিং",
    "mollie_setting": "মলি সেটিং",
    "instamojo_setting": "instamojo সেটিং",
    "instamojo_key": "ইনষ্টামোজ কীয়",
    "instamojo_secret": "ইন্সটামোজো সিক্রেট",
    "instamojo_url": "ইনস্টামোজো ইউআরএল",
    "ssl_commerz_settings": "SSl Commerz সেটিংস",
    "flutterwave_settings": "ফ্লাটারওয়েভ সেটিংস",
    "livemode": "লাইভ মোড",
    "secret_key": "গোপন চাবি",
    "publisher_key": "প্রকাশক কী",
    "razorpay_settings": "রেজারপে সেটিংস",
    "payment": "পেমেন্ট",
    "sslcommerz_settings": "SSL Commerz সেটিংস",
    "store_id": "স্টোর আইডি",
    "store_password": "পাসওয়ার্ড সংরক্ষণ করুন",
    "update_about_setting": "সেটিং সম্পর্কে আপডেট করুন",
    "enter_site_name": "সাইটের নাম লিখুন",
    "android_app_link": "অ্যান্ড্রয়েড অ্যাপ লিংক",
    "ios_app_link": "আইওএস অ্যাপ লিংক",
    "free_ad_limit": "বিনামূল্যে বিজ্ঞাপন সীমা",
    "free_ad_featured_limit": "বিনামূল্যে বিজ্ঞাপন বৈশিষ্ট্যযুক্ত সীমা",
    "maximum_ad_image_limit": "বিজ্ঞাপন চিত্রের সর্বোচ্চ সীমা",
    "website_loader": "ওয়েবসাইট লোডার",
    "timezone": "সময় অঞ্চল",
    "theme_logo": "থিম লোগো",
    "white_background": "সাদা ব্যাকগ্রাউন্ড",
    "dark_background": "অন্ধকার পটভূমি",
    "update_settings": "সেটিংস আপডেট করুন",
    "updating": "আপডেট করা হচ্ছে",
    "enter_site_address": "সাইটের ঠিকানা লিখুন",
    "enter_iframe_link": "Iframe লিঙ্ক লিখুন",
    "enter_site_email": "সাইট ইমেল লিখুন",
    "enter_company_facebook_link": "কোম্পানির ফেসবুক লিঙ্ক লিখুন",
    "enter_company_twitter_link": "কোম্পানির টুইটার লিঙ্ক লিখুন",
    "enter_company_instagram_link": "কোম্পানির ইনস্টাগ্রাম লিঙ্কে প্রবেশ করুন",
    "enter_company_youtube_link": "কোম্পানির ইউটিউব লিঙ্ক লিখুন",
    "enter_company_linkdin_link": "কোম্পানি লিঙ্কডইন লিঙ্ক লিখুন",
    "enter_company_whatsapp_link": "কোম্পানির whatsapp লিঙ্ক লিখুন",
    "enter_company_android_link": "কোম্পানির অ্যান্ড্রয়েড লিঙ্ক লিখুন",
    "enter_company_ios_link": "কোম্পানির আইওএস লিঙ্ক লিখুন",
    "update_posting_rules_setting": "পোস্ট করার নিয়ম সেটিং আপডেট করুন",
    "update_terms_setting": "শর্তাদি সেটিং আপডেট করুন",
    "home_page_1": "হোম পেজ 1",
    "home_page_2": "হোম পেজ 2",
    "home_page_3": "হোম পেজ 3",
    "home_page1_description": "কার্ড শিরোনাম এবং তৈরি করতে কিছু দ্রুত উদাহরণ পাঠ্য.",
    "home_page2_description": "কার্ড শিরোনাম এবং তৈরি করতে কিছু দ্রুত উদাহরণ পাঠ্য.",
    "home_page3_description": "কার্ড শিরোনাম এবং তৈরি করতে কিছু দ্রুত উদাহরণ পাঠ্য.",
    "edit_user": "ব্যবহারকারী সম্পাদনা করুন",
    "total_customers": "মোট গ্রাহক",
    "sold_ads": "বিক্রি বিজ্ঞাপন",
    "total_cities": "মোট শহর",
    "total_towns": "মোট শহর",
    "total_plan": "মোট পরিকল্পনা",
    "popular_location": "জনপ্রিয় অবস্থান",
    "latest_ads": "সর্বশেষ বিজ্ঞাপন",
    "status": "স্ট্যাটাস",
    "no_ads_found": "কোন বিজ্ঞাপন পাওয়া যায়নি",
    "latest_registered_users": "সর্বশেষ নিবন্ধিত ব্যবহারকারী",
    "since": "থেকে",
    "no_users_found": "কোন ব্যবহারকারী নেই",
    "transaction_history": "লেনদেনের ঘটনা-বিবরণ",
    "latest_transaction": "সর্বশেষ লেনদেন",
    "amount": "পরিমাণ",
    "plan_name": "পরিকল্পনার নাম",
    "payment_provider": "শোধের ধরণ",
    "created_time": "তৈরি সময়",
    "created_at": "এ নির্মিত",
    "updated_at": "এ আপডেট",
    "no_transactions_found": "কোন লেনদেন পাওয়া যায়নি",
    "sign_in_to_start_your_session": "আপনার অধিবেশন শুরু করতে সাইন ইন করুন",
    "remember_me": "আমাকে মনে কর",
    "sign_in": "সাইন ইন করুন",
    "i_forgot_my_password": "আমি আমার পাসওয়ার্ড ভুলে গেছি",
    "log_in": "প্রবেশ করুন",
    "change_skin": "ত্বক পরিবর্তন করুন",
    "visit_website": "ওয়েবসাইট",
    "version": "সংস্করণ",
    "username": "ব্যবহারকারীর নাম",
    "times": "বার",
    "pro_customer": "প্রো গ্রাহক",
    "all_customer": "সমস্ত গ্রাহক",
    "enter_position": "অবস্থান লিখুন",
    "website_language": "ওয়েবসাইটের ভাষা",
    "admin_language": "অ্যাডমিন ভাষা",
    "options": "অপশন",
    "create_ad": "বিজ্ঞাপন তৈরি করুন",
    "edit_ad": "বিজ্ঞাপন সম্পাদনা করুন",
    "edit_custom_fields": "কাস্টম ক্ষেত্র সম্পাদনা করুন",
    "sorting_custom_fields": "কাস্টম ক্ষেত্র বাছাই",
    "view_details": "বিস্তারিত দেখুন",
    "select_subcategory": "উপশ্রেণী নির্বাচন করুন",
    "select_town": "শহর নির্বাচন করুন",
    "original": "আসল",
    "refurbished": "সংস্কার করা হয়েছে",
    "new": "নতুন",
    "optional": "ঐচ্ছিক",
    "upload_thumbnail": "থাম্বনেইল আপলোড করুন",
    "used": "ব্যবহৃত",
    "start_typing_for_search": "অনুসন্ধানের জন্য এখানে টাইপ করা শুরু করুন",
    "write_the_subject_here": "এখানে বিষয় লিখুন",
    "send_now": "এখন পাঠান",
    "write_description_of_ad": "বিজ্ঞাপনের বর্ণনা লিখুন",
    "backend_keywords": "ব্যাকএন্ড কীওয়ার্ড",
    "frontend_keywords": "ফ্রন্টএন্ড কীওয়ার্ড",
    "subscriptions_date": "সদস্যতা তারিখ",
    "delete_email": "ইমেল মুছুন",
    "cms": "সিএমএস",
    "cms_setting": "CMS সেটিংস",
    "price_plan": "মূল্য পরিকল্পনা",
    "post_ad": "বিজ্ঞাপন পোস্ট করুন",
    "dashboards": "ড্যাশবোর্ড",
    "emails": "ইমেল তালিকা",
    "membership": "সদস্যপদ",
    "faqs": "প্রশ্নাবলী",
    "home_main_banner": "হোম প্রধান ব্যানার",
    "home_counter_background": "হোম কাউন্টার পটভূমি",
    "about_body": "শরীর সম্পর্কে",
    "about_video_thumb": "ভিডিও থাম্বনেল সম্পর্কে",
    "terms_background": "শর্তাবলী এবং শর্ত পটভূমি",
    "terms_body": "শর্তাবলী এবং শর্তাদি বডি",
    "posting_rules_background": "পোস্টিং নিয়ম পটভূমি",
    "posting_rules_body": "পোস্টিং রুলস বডি",
    "privacy_background": "গোপনীয়তা পটভূমি",
    "privacy_body": "প্রাইভেসি বডি",
    "home_mobile_app_banner": "লেআউট 1 মোবাইল অ্যাপ ব্যানার",
    "update_home_settings": "হোম সেটিংস আপডেট করুন",
    "get_membership_background": "সদস্যতা পটভূমি পান",
    "get_membership_image": "Get Membership Image",
    "upate_membership_settings": "সদস্যতা সেটিংস পান আপডেট করুন",
    "pricing_plan_background": "মূল্য পরিকল্পনা পটভূমি",
    "upate_pricing_plan_settings": "মূল্য নির্ধারণের পরিকল্পনা সেটিংস আপডেট করুন",
    "faq_background": "প্রশ্নাবলী পটভূমি",
    "update_faq_settings": "FAQs সেটিংস আপডেট করুন",
    "dashboard_overview_background": "ড্যাশবোর্ড ওভারভিউ ব্যাকগ্রাউন্ড",
    "dashboard_post_ads_background": "ড্যাশবোর্ড পোস্ট বিজ্ঞাপন পটভূমি",
    "dashboard_my_ads_background": "ড্যাশবোর্ড আমার বিজ্ঞাপন পটভূমি",
    "dashboard_plan_background": "ড্যাশবোর্ড পরিকল্পনা পটভূমি",
    "dashboard_account_setting_background": "ড্যাশবোর্ড অ্যাকাউন্ট সেটিংস ব্যাকগ্রাউন্ড",
    "about_background": "পটভূমি সম্পর্কে",
    "blog_background": "ব্লগ পটভূমি",
    "ads_background": "বিজ্ঞাপনের পটভূমি",
    "contact_background": "যোগাযোগ পটভূমি",
    "update_blog_settings": "ব্লগ সেটিংস আপডেট করুন",
    "update_ads_settings": "বিজ্ঞাপনের সেটিংস আপডেট করুন",
    "update_contact_settings": "যোগাযোগ সেটিংস আপডেট করুন",
    "dashboard_favorite_ads_background": "ড্যাশবোর্ড প্রিয় বিজ্ঞাপন সেটিংস",
    "dashboard_messenger_background": "ড্যাশবোর্ড মেসেঞ্জার সেটিংস",
    "languages": "ভাষা",
    "create_new_language": "নতুন ভাষা তৈরি করুন",
    "website_languages": "ওয়েবসাইটের ভাষা",
    "delete_language": "ভাষা মুছুন",
    "website_keywords": "ওয়েবসাইট কীওয়ার্ড",
    "select_someone_to_start_conversation": "কথোপকথন শুরু করতে কাউকে বেছে নিন",
    "view_ad": "বিজ্ঞাপন দেখুন",
    "ad_name": "বিজ্ঞাপনের নাম",
    "select_brand": "ব্র্যান্ড নির্বাচন করুন",
    "view_posting_rules": "পোস্ট করার নিয়ম দেখুন",
    "next_steps": "পরবর্তী পদক্ষেপ",
    "backup_phone_number": "ব্যাকআপ ফোন নম্বর",
    "previous": "আগে",
    "next_step": "পরবর্তী পর্ব",
    "ad_description": "বিজ্ঞাপনের বিবরণ",
    "ad_create_success_description": "আপনার বিজ্ঞাপন সফলভাবে তৈরি করা হয়েছে.",
    "feature": "বৈশিষ্ট্য",
    "upload_photos": "ফটো আপলোড",
    "image_must_be_in_jpg_jpeg_png_format": "ছবি অবশ্যই jpg, jpeg, png ফরম্যাটে হতে হবে",
    "you_must_upload_at_least": "আপনাকে অন্তত আপলোড করতে হবে",
    "post_ads": "পোস্ট বিজ্ঞাপন",
    "pricing": "মূল্য নির্ধারণ",
    "regular_ads": "নিয়মিত বিজ্ঞাপন",
    "view_all": "সব দেখ",
    "top_category": "শীর্ষ বিভাগ",
    "no_subcategory_found": "কোন উপশ্রেণী পাওয়া যায়নি",
    "download_our_mobile_app": "আমাদের মোবাইল অ্যাপ ডাউনলোড করুন",
    "get_it_now": "এখন বুঝেছ",
    "google_play": "গুগল প্লে",
    "app_store": "অ্যাপ স্টোর",
    "subscribe_to_our_newsletter": "আমাদের নিউজলেটার সদস্যতা",
    "subscribe": "সাবস্ক্রাইব",
    "published_ads": "প্রকাশিত বিজ্ঞাপন",
    "verified_user": "যাচাইকৃত গ্রাহক",
    "verified_email": "যাচাই করা ইমেল",
    "pro_members": "প্রো সদস্যরা",
    "city_location": "শহরের অবস্থান",
    "browse_over": "উপর ব্রাউজ করুন",
    "classified_ads_listing": "শ্রেণীবদ্ধ বিজ্ঞাপন তালিকা",
    "view_ads": "বিজ্ঞাপনগুলো দেখুন",
    "recently_posted_ads": "সম্প্রতি পোস্ট করা বিজ্ঞাপন",
    "get_premium_membership": "প্রিমিয়াম সদস্যপদ পান",
    "get_membership": "সদস্যপদ পান",
    "over": "ওভার",
    "live_ads": "লাইভ বিজ্ঞাপন",
    "popular_category": "জনপ্রিয় বিভাগ",
    "newest_ads": "নতুন বিজ্ঞাপন",
    "get_membership_right_now": "এখনই সদস্যপদ পান",
    "download_our_app": "আমাদের অ্যাপ ডাউনলোড করুন",
    "design_by": "দ্বারা অংকিত",
    "supports": "সমর্থন করে",
    "quick_links": "দ্রুত লিঙ্ক",
    "about_us": "আমাদের সম্পর্কে",
    "know_more_about_adlisting": "অ্যাডলিস্টিং সম্পর্কে আরও জানুন",
    "what_people_says": "মানুষ যা বলে",
    "supported_by": "দ্বারা সমর্থিত",
    "overview": "ওভারভিউ",
    "account_information": "হিসাবের তথ্য",
    "full_name": "পুরো নাম",
    "website_links": "ওয়েব সাইট লিংক",
    "save_changes": "পরিবর্তনগুলোর সংরক্ষন",
    "delete_account": "হিসাব মুছে ফেলা",
    "delete_account_alert": "আপনি আপনার অ্যাকাউন্ট মুছে ফেললে, আপনি আপনার সমস্ত ডেটা হারাবেন এবং আপনি এটি পুনরুদ্ধার করতে পারবেন না।",
    "account_setting": "অ্যাকাউন্ট সেটিং",
    "posted_ads": "পোস্ট বিজ্ঞাপন",
    "favorite_ads": "প্রিয় বিজ্ঞাপন",
    "ads_view": "বিজ্ঞাপন দেখুন",
    "remaining": "অবশিষ্ট",
    "current_plan_expirations_and_benefits": "বর্তমান পরিকল্পনার মেয়াদ ও সুবিধা",
    "expired_date": "মেয়াদ শেষ হওয়া তারিখ",
    "remaining_ads": "অবশিষ্ট বিজ্ঞাপন",
    "account_settings": "অ্যাকাউন্ট সেটিংস",
    "go_to_details": "বিস্তারিত যান",
    "recent_activities": "সাম্প্রতিক কার্যক্রম",
    "no_recents_activities": "কোনো সাম্প্রতিক কার্যক্রম নেই",
    "delete_ad": "বিজ্ঞাপন মুছুন",
    "make_it_active": "এটি সক্রিয় করুন",
    "view_ads_details": "বিজ্ঞাপনের বিবরণ দেখুন",
    "ad_post": "বিজ্ঞাপন পোস্ট",
    "steps01": "ধাপ 01",
    "steps02": "ধাপ 02",
    "steps03": "ধাপ 03",
    "basic_info": "মৌলিক তথ্য",
    "contact_info_custom_fields": "যোগাযোগের তথ্য এবং কাস্টম ক্ষেত্র",
    "description_features_images": "বর্ণনা, বৈশিষ্ট্য এবং ছবি",
    "your_ad_has_successfully_update": "আপনার বিজ্ঞাপন সফলভাবে আপডেট হয়েছে",
    "ad_post_success": "বিজ্ঞাপন পোস্ট সাফল্য",
    "step1": "ধাপ 1",
    "step2": "ধাপ ২",
    "step3": "ধাপ 3",
    "your_ad_has_successfully_publish": "আপনার বিজ্ঞাপন সফলভাবে প্রকাশ করা হয়েছে",
    "go_back": "ফিরে যাও",
    "cancel_edit": "সম্পাদনা বাতিল করুন",
    "update_cancel_edit": "আপডেট করুন এবং সম্পাদনা বাতিল করুন",
    "update_next_step": "আপডেট এবং পরবর্তী ধাপ",
    "whats_your_thought": "আপনার চিন্তা কি",
    "finish_update": "আপডেট শেষ করুন",
    "message": "বার্তা",
    "your_contact_list_is_empty": "আপনার যোগাযোগ তালিকা খালি আছে",
    "your_message_list_is_empty": "আপনার বার্তা তালিকা খালি",
    "online": "অনলাইন",
    "offline": "অফলাইন",
    "action": "কর্ম",
    "my_ads": "আমার বিজ্ঞাপন",
    "public_profile": "প্রকাশ্য দৃ্শ্যমান সংক্ষিপ্তসার",
    "seller": "বিক্রেতা",
    "recent_ads": "সাম্প্রতিক বিজ্ঞাপন",
    "seller_review": "বিক্রেতা পর্যালোচনা",
    "write_review": "লেখারপর্যালোচনা",
    "star_average_rating": "তারকা গড় রেটিং",
    "people_written_reviews": "মানুষ রিভিউ লিখিত",
    "you_dont_have_account": "আপনার অ্যাকাউন্ট নেই",
    "first_create_a_account_to_write_down_a_review_to_seller_accoount": "বিক্রেতার অ্যাকাউন্টে একটি পর্যালোচনা লিখতে প্রথমে একটি অ্যাকাউন্ট তৈরি করুন",
    "or_sign_up_with": "অথবা সাইন আপ করুন",
    "publish_review": "পর্যালোচনা প্রকাশ করুন",
    "report_seller": "রিপোর্ট বিক্রেতা",
    "seller_report": "বিক্রেতা রিপোর্ট",
    "contact_information": "যোগাযোগের তথ্য",
    "star_rating": "তারকা রেটিং",
    "follow_on_social_media": "সামাজিক মিডিয়া অনুসরণ করুন",
    "reason": "কারণ",
    "close": "বন্ধ",
    "share_your_thought_about_the_seller": "বিক্রেতা সম্পর্কে আপনার চিন্তা শেয়ার করুন",
    "report_to": "রিপোর্ট হয়েছে",
    "report_from": "রিপোর্ট করেছে",
    "ads_count": "বিজ্ঞাপন গণনা",
    "subcategories_count": "উপশ্রেণী গণনা",
    "edit": "সম্পাদনা করুন",
    "all_categories": "সব ধরনের",
    "all_groups": "সকল গ্রুপ",
    "filter": "ছাঁকনি",
    "category_wise": "ক্যাটাগরি ওয়াইজ",
    "brand_wise": "ব্র্যান্ড ওয়াইজ",
    "city_wise": "ক্যাটাগরি ওয়াইজ",
    "latest": "সর্বশেষ",
    "oldest": "প্রবীণতম",
    "conditions": "শর্তাবলী",
    "any": "যে কোন",
    "prices": "দাম",
    "member": "সদস্য",
    "verified_seller": "যাচাইকৃত বিক্রেতা",
    "reveal_phone_number": "ফোন নম্বর প্রকাশ করতে এখানে ক্লিক করুন",
    "added_by": "দ্বারা যোগ করা",
    "descriptions": "বর্ণনা",
    "viewed": "দেখা হয়েছে",
    "related_ads": "সম্পর্কিত বিজ্ঞাপন",
    "share_ads": "বিজ্ঞাপন শেয়ার করুন",
    "comments": "মন্তব্য",
    "popular_tag": "জনপ্রিয় ট্যাগ",
    "recent_post": "সাম্প্রতিক পোস্ট",
    "read_more": "আরও পড়ুন",
    "blog_posts": "ব্লগ এর লেখাগুলো",
    "leave_comments": "একটি মন্তব্য করুন",
    "comment": "মন্তব্য করুন",
    "no_more_comments_found": "আর কোন মন্তব্য পাওয়া যায়নি",
    "no_more_reviews_found": "আর কোন পর্যালোচনা পাওয়া যায়নি",
    "loading": "লোড হচ্ছে",
    "load_more": "আর ঢুকাও",
    "wise_ads": "বুদ্ধিমান বিজ্ঞাপন",
    "select_location": "স্থান নির্বাচন করুন",
    "frequently_asked_question": "ঘন ঘন প্রশ্ন জিজ্ঞাসা",
    "send_message": "বার্তা পাঠান",
    "send_message_via_whatsapp": "Whatsapp এর মাধ্যমে বার্তা পাঠান",
    "send_message_via_email": "ইমেলের মাধ্যমে বার্তা পাঠান",
    "email_us": "আমাদেরকে ইমেইল করুন",
    "call_us": "আমাদের কল করুন",
    "get_customer_services": "গ্রাহক সেবা পান",
    "add_video_and_more_images": "ভিডিও এবং আরো ছবি যোগ করুন",
    "special_badges_for_your_ads": "আপনার বিজ্ঞাপনের জন্য বিশেষ ব্যাজ",
    "benefits_and_feature_membership": "সদস্যপদ সুবিধা এবং বৈশিষ্ট্য",
    "dedicated_customer_support": "ডেডিকেটেড গ্রাহক সমর্থন",
    "advertise_your_brand_on_adlisting": "অ্যাডলিস্টিং-এ আপনার ব্র্যান্ডের বিজ্ঞাপন দিন",
    "plan_details": "পরিকল্পনার বিবরণ",
    "plan_details_and_benefits": "পরিকল্পনার বিশদ এবং সুবিধা",
    "current_plan": "বর্তমান পরিকল্পনা",
    "cancel_plan": "পরিকল্পনা বাতিল করুন",
    "days": "দিন",
    "current_plan_benefits": "বর্তমান পরিকল্পনার সুবিধা",
    "featured_on_homepage": "হোমপেজে বৈশিষ্ট্যযুক্ত",
    "special_membership_badge": "বিশেষ সদস্যতা ব্যাজ",
    "ad_multiple_images": "বিজ্ঞাপন একাধিক ছবি",
    "standard_customer_support": "স্ট্যান্ডার্ড গ্রাহক সমর্থন",
    "paypal_payment": "পেপ্যাল ​​পেমেন্ট",
    "stripe_payment": "স্ট্রাইপ পেমেন্ট",
    "pay_now": "এখন পরিশোধ করুন",
    "razor_payment": "রেজার পেমেন্ট",
    "paystack_payment": "পেস্ট্যাক পেমেন্ট",
    "flutterwave_payment": "ফ্লাটারওয়েভ পেমেন্ট",
    "instamojo_payment": "instamojo পেমেন্ট",
    "midtrans_payment": "মিডট্রান্স পেমেন্ট",
    "mollie_payment": "মলি পেমেন্ট",
    "sslcommerz_payment": "SSLCommerz পেমেন্ট",
    "choose_plan": "পরিকল্পনা নির্বাচন করুন",
    "basic_customer_support": "মৌলিক গ্রাহক সমর্থন",
    "plans_billing": "প্ল্যান এবং বিলিং",
    "plan_benefits": "পরিকল্পনার সুবিধা",
    "ads_remaining": "বিজ্ঞাপন বাকি",
    "multiple_images": "একাধিক ছবি",
    "featured_ads_remaining": "বৈশিষ্ট্যযুক্ত বিজ্ঞাপন অবশিষ্ট",
    "upgrade_plan": "আপগ্রেড পরিকল্পনা",
    "limited_ads": "আপনি সীমিত বিজ্ঞাপন আছে. আরো বিজ্ঞাপন যোগ করার জন্য আপনার পরিকল্পনা আপগ্রেড করুন.",
    "subscription_date_expired": "সদস্যতা তারিখ মেয়াদ শেষ. আরো বিজ্ঞাপন যোগ করার জন্য আপনার পরিকল্পনা আপগ্রেড করুন",
    "recent_invoice": "সাম্প্রতিক চালান",
    "transaction_id": "লেনদেন নাম্বার",
    "order_id": "লেনদেন নাম্বার",
    "plan_type": "পরিকল্পনার ধরন",
    "monthly": "মাসিক",
    "yearly": "বার্ষিক",
    "plan_duration": "সময়কাল",
    "interval_days": "ব্যবধানের দিন",
    "price_and_billing": "মূল্য এবং বিলিং",
    "price_and_plan": "মূল্য এবং পরিকল্পনা",
    "no_rules_found": "কোন নিয়ম পাওয়া যায়নি",
    "sign_up": "নিবন্ধন করুন",
    "manage_your_ads": "আপনার বিজ্ঞাপন পরিচালনা করুন",
    "chat_with_anyone_anytime": "যে কোন ব্যক্তির সাথে চ্যাট করুন, যে কোন সময়",
    "keep_me_logged": "আমাকে লগ রাখুন",
    "forget_password": "পাসওয়ার্ড ভুলে গেছেন",
    "dont_have_account": "Don't Have Account",
    "terms_conditions": "শর্তাবলী",
    "and": "এবং",
    "have_account": "ইতিমধ্যে একটি সদস্যপদ আছে",
    "sign_in_with_google": "Google দিয়ে সাইন ইন করুন",
    "sign_in_with_linkedin": "Linkedin দিয়ে সাইন ইন করুন",
    "sign_in_with_facebook": "ফেসবুকে সাইন - ইন করুন",
    "sign_in_with_twitter": "টুইটার দিয়ে সাইন ইন করুন",
    "sign_in_with_github": "Github দিয়ে সাইন ইন করুন",
    "sign_in_with_gitlab": "Gitlab দিয়ে সাইন ইন করুন",
    "sign_in_with_bitbucket": "বিটবাকেট দিয়ে সাইন ইন করুন",
    "or_sign_in_with_email": "অথবা ইমেল দিয়ে সাইন ইন করুন",
    "login": "প্রবেশ করুন",
    "register": "নিবন্ধন",
    "how_it_work": "এটি কিভাবে কাজ করে",
    "create_account": "হিসাব তৈরি কর",
    "start_earning": "উপার্জন শুরু করুন",
    "there_is_no": "এমন কিছু নেই",
    "found_in_the_page": "এই পৃষ্ঠায় পাওয়া যায়",
    "add_your_first": "আপনার প্রথম যোগ করুন",
    "go_back_home": "বাড়ি ফিরে যান",
    "404_error_page": "404 ত্রুটি পৃষ্ঠা",
    "no_data_found": "কোন তথ্য পাওয়া যায়নি",
    "or_sign_up_with_email": "অথবা ইমেইল দিয়ে সাইন আপ করুন",
    "are_you_sure_want_to_delete_this_item": "আপনি কি এই আইটেমটি মুছতে চান?",
    "empty_contact": "খালি পরিচিতি",
    "empty_message": "খালি বার্তা",
    "enter_ad_title": "বিজ্ঞাপনের শিরোনাম লিখুন",
    "enter_ad_price": "বিজ্ঞাপন মূল্য লিখুন",
    "enter_ad_model": "বিজ্ঞাপন মডেল লিখুন",
    "enter_customer_phone_number": "গ্রাহকের ফোন নম্বর লিখুন",
    "enter_another_phone_number": "অন্য ফোন নম্বর লিখুন",
    "filter_by_category": "বিভাগ দ্বারা ফিল্টার",
    "filter_by_customer": "গ্রাহক দ্বারা ফিল্টার",
    "filter_by_city": "শহর দ্বারা ফিল্টার",
    "filter_by_keyword": "কীওয়ার্ড দ্বারা ফিল্টার করুন",
    "you_can_send_a_mail_to_multiple_email_addresses": "আপনি একাধিক ইমেল ঠিকানায় একটি মেইল ​​পাঠাতে পারেন",
    "standard": "স্ট্যান্ডার্ড",
    "premium": "প্রিমিয়াম",
    "username_or_email_address": "ব্যবহারকারীর নাম অথবা ইমেইল ঠিকানা",
    "search_by_ads_title_keywords": "বিজ্ঞাপনের শিরোনাম, কীওয়ার্ড দ্বারা অনুসন্ধান করুন",
    "ads_title_keyword": "বিজ্ঞাপনের শিরোনাম, কীওয়ার্ড",
    "type_your_message": "আপনার বার্তা টাইপ করুন",
    "website_url": "ওয়েবসাইট URL",
    "subjects": "বিষয়",
    "delete_product": "পণ্য মুছুন",
    "nothing_found": "কিছুই পাওয়া যায়নি",
    "copy_to_clipboard": "ক্লিপবোর্ডে কপি করুন",
    "click_here": "এখানে ক্লিক করুন",
    "verify_account": "এ্যাকাউন্ট নিশ্চিতকরণ",
    "verify_account_now": "এখন আপনার অ্যাকাউন্ট যাচাই করুন",
    "read_agree": "I've read and agree with your",
    "click_to_verify": "যাচাই করতে ক্লিক করুন",
    "verify_your_email_address": "আপনার ইমেল ঠিকানা যাচাই করুন",
    "before_proceeding": "এগিয়ে যাওয়ার আগে, একটি যাচাইকরণ লিঙ্কের জন্য আপনার ইমেল চেক করুন.",
    "fresh_link": "আপনার ইমেল ঠিকানায় একটি নতুন যাচাইকরণ লিঙ্ক পাঠানো হয়েছে৷",
    "resend_link": "লিঙ্ক পুনরায় পাঠান",
    "if_you_did_not_receive_the_email": "ইমেইল না পেলে",
    "not_found_title": "পাওয়া যায়নি",
    "not_found_description": "The page you'r looking for could not be found.",
    "clear_cache": "ক্যাশে সাফ করুন",
    "home_title": "হোম শিরোনাম",
    "home_description": "বাড়ির বিবরণ",
    "download_app_content": "অ্যাপ কন্টেন্ট ডাউনলোড করুন",
    "newsletter_content": "নিউজলেটার বিষয়বস্তু",
    "membership_content": "সদস্যতা বিষয়বস্তু",
    "create_account_content": "অ্যাকাউন্ট সামগ্রী তৈরি করুন",
    "post_ads_content": "পোস্ট বিজ্ঞাপন সামগ্রী",
    "start_earning_content": "কন্টেন্ট উপার্জন শুরু করুন",
    "faq_content": "FAQ বিষয়বস্তু",
    "login_or_register": "প্রবেশ করুন অথবা নিবন্ধন",
    "manage_ads_content": "বিজ্ঞাপন সামগ্রী পরিচালনা করুন",
    "chat_content": "চ্যাট বিষয়বস্তু",
    "verified_user_content": "যাচাইকৃত ব্যবহারকারীর সামগ্রী",
    "update_content": "বিষয়বস্তু আপডেট করুন",
    "are_you_sure_to_update": "আপনি আপডেট নিশ্চিত",
    "confirmation_before_update": "আপডেট করার আগে আপনার তথ্য সঠিক কিনা তা নিশ্চিত করুন অন্যথায় আপনি আপনার ডেটা হারাতে পারেন",
    "paystack_does_not_support": "Paystack সমর্থন করে না",
    "no_privacy_policy_found": "কোন গোপনীয়তা নীতি পাওয়া যায়নি",
    "no_terms_conditions_found": "কোন শর্তাবলী পাওয়া যায়নি",
    "contact_details": "যোগাযোগের ঠিকানা",
    "header_custom_style_before_head_end": "হেডার কাস্টম স্টাইল (হেড শেষ হওয়ার আগে)",
    "header_custom_script_before_head_end": "হেডার কাস্টম স্ক্রিপ্ট (হেড শেষের আগে)",
    "footer_custom_script_before_body_end": "ফুটার কাস্টম স্ক্রিপ্ট (বডি শেষের আগে)",
    "theme_logo_white_background": "থিম লোগো (সাদা পটভূমি)",
    "theme_logo_dark_background": "থিম লোগো (গাঢ় পটভূমি)",
    "website_links_optional": "ওয়েবসাইট লিঙ্ক (ঐচ্ছিক)",
    "back_up": "ব্যাক-আপ",
    "database_files": "ডাটাবেস ফাইল",
    "backup_now": "এখনি ব্যাকআপ করে নিন",
    "sl": "এসএল",
    "backup": "ব্যাকআপ",
    "all_listings": "সমস্ত তালিকা",
    "website_link": "ওয়েবসাইট লিংক",
    "all_faqs": "সব FAQ",
    "preferences": "পছন্দসমূহ",
    "cookies_alert": "কুকিজ সতর্কতা",
    "custom_css_and_JS": "কাস্টম সিএসএস এবং জেএস",
    "general": "সাধারণ",
    "theme": "থিম",
    "payment_gateway": "পেমেন্ট গেটওয়ে",
    "mobile_app_settings": "মোবাইল অ্যাপ সেটিংস",
    "mobile_app_config": "মোবাইল অ্যাপ কনফিগারেশন",
    "mobile_slider": "মোবাইল স্লাইডার",
    "slider_list": "স্লাইডার তালিকা",
    "add_slider": "স্লাইডার যোগ করুন",
    "live_mode_enable_url": "লাইভ মোড সক্ষম URL:",
    "allow_cookies_consent": "কুকি সম্মতির অনুমতি দেবেন?",
    "cookie_name": "কুকি নাম",
    "gdpr_cookie": "জিডিপিআর কুকি",
    "ccpa_cookie": "CCPA কুকি",
    "lgpd_cookie": "এলজিপিডি কুকি",
    "Select cookie name": "",
    "cookies_settings": "কুকিজ সেটিংস",
    "seo_page_list": "এসইও পৃষ্ঠা তালিকা",
    "edit_seo": "এসইও সম্পাদনা করুন",
    "write_style_with_style_tag_like": "স্টাইল ট্যাগ লাইক দিয়ে স্টাইল লিখুন",
    "write_script_with_script_tag_like": "স্ক্রিপ্ট ট্যাগ লাইক দিয়ে স্ক্রিপ্ট লিখুন",
    "write_script_with_script_tag": "স্ক্রিপ্ট ট্যাগ দিয়ে স্ক্রিপ্ট লিখুন",
    "basic_setting": "মৌলিক সেটিং",
    "site_name": "সাইটের নাম",
    "owner_name": "মালিকের নাম",
    "owner_email": "মালিকের ইমেইল",
    "recaptcha_configuration": "রিক্যাপচা কনফিগারেশন",
    "nocaptcha_secret": "নোক্যাপচা সিক্রেট",
    "nocaptcha_sitekey": "Nocaptcha Sitekey",
    "website_theme_style": "ওয়েবসাইট থিম শৈলী",
    "admin_theme_style": "অ্যাডমিন থিম স্টাইল",
    "select_one": "একটা নির্বাচন করুন",
    "notifications": "বিজ্ঞপ্তি",
    "application_mode": "অ্যাপ্লিকেশন মোড",
    "coming_soon_mode": "শীঘ্রই আসছে মোড",
    "maintenance_mode": "রক্ষণাবেক্ষণ মোড",
    "custom_field": "কাস্টম ক্ষেত্র",
    "create_custom_field": "কাস্টম ক্ষেত্র তৈরি করুন",
    "edit_custom_field": "কাস্টম ক্ষেত্র সম্পাদনা করুন",
    "text": "পাঠ্য",
    "textarea": "Textarea",
    "select": "নির্বাচন করুন",
    "radio": "রেডিও",
    "file": "ফাইল",
    "url": "URL",
    "number": "সংখ্যা",
    "date_time": "তারিখ সময়",
    "checkbox": "চেকবক্স",
    "checkbox_multiple": "চেকবক্স (একাধিক)",
    "type": "টাইপ",
    "group": "গ্রুপ",
    "required": "প্রয়োজন",
    "filterable": "ফিল্টারযোগ্য",
    "listable": "তালিকাযোগ্য",
    "add": "যোগ করুন",
    "add_value": "মান যোগ করুন",
    "value": "মান",
    "option_name": "বিকল্পের নাম",
    "list": "তালিকা",
    "add_custom_field": "কাস্টম ক্ষেত্র যোগ করুন",
    "attach_custom_field": "কাস্টম ক্ষেত্র সংযুক্ত করুন",
    "enter_new_value": "নতুন মান লিখুন",
    "manage_group": "গ্রুপ পরিচালনা করুন",
    "add_group": "গ্রুপ যোগ করুন",
    "edit_group": "গ্রুপ সম্পাদনা করুন",
    "custom_field_group_list": "কাস্টম ফিল্ড গ্রুপ তালিকা",
    "add_to_categories": "বিভাগ যোগ করুন",
    "add_custom_field_to_categories": "বিভাগগুলিতে কাস্টম ক্ষেত্র যোগ করুন",
    "watermark_on_ads_images": "বিজ্ঞাপন চিত্রে জলছাপ",
    "watermark_type": "ওয়াটারমার্ক টাইপ",
    "are_you_sure_you_want_to_delete_this_item": "আপনি এই আইটেমটি মুছে ফেলতে চান আপনি কি নিশ্চিত?",
    "contact_number": "যোগাযোগের নম্বর",
    "contact_email": "যোগাযোগের ই - মেইল",
    "contact_address": "যোগাযোগের ঠিকানা",
    "custom_fields": "অস্ত্রোপচার",
    "delete": "মুছে ফেলা",
    "category_custom_field_value": "বিভাগ কাস্টম ক্ষেত্র মান",
    "ad_wise": "অ্যাড ওয়াইজ",
    "country": "দেশ",
    "map": "মানচিত্র",
    "map_type": "মানচিত্রের ধরণ",
    "default_lat": "ডিফল্ট অক্ষাংশ",
    "default_long": "ডিফল্ট দ্রাঘিমাংশ",
    "example_map": "উদাহরণ মানচিত্র",
    "no_about_us_found": "আমাদের সম্পর্কে কোন পাওয়া যায়নি.",
    "are_you_sure": "তুমি কি নিশ্চিত",
    "product_filters": "পণ্য ফিল্টার",
    "are_you_sure_to_cancel_plan": "আপনি কি প্ল্যান বাতিল করতে নিশ্চিত?",
    "it_will_restore_current_plan_benefits": "এটি বর্তমান পরিকল্পনার সুবিধাগুলি পুনরুদ্ধার করবে",
    "no_recent_invoice_found": "সাম্প্রতিক কোনো চালান পাওয়া যায়নি",
    "are_you_sure_you_want_to_expire_this_item": "আপনি কি নিশ্চিত যে আপনি এই আইটেমটির মেয়াদ শেষ করতে চান৷",
    "page_name": "পৃষ্ঠার নাম",
    "meta_description": "মেটা বর্ণনা",
    "meta_title": "মেটা শিরোনাম",
    "page_preview_image": "পৃষ্ঠা পূর্বরূপ চিত্র",
    "enter": "প্রবেশ করুন",
    "white_logo": "সাদা লোগো",
    "favicon": "ফেভিকন",
    "frontend_language_switcher": "ফ্রন্টএন্ড ভাষা সুইচার",
    "google_login_credentiall": "গুগল লগইন শংসাপত্র",
    "social_login_setting": "সামাজিক লগইন সেটিং",
    "cookie_expiration": "কুকির মেয়াদ শেষ",
    "force_consent": "বাধ্যতামূলক সম্মতি",
    "enter_cookie_expiration_day": "কুকির মেয়াদ শেষ হওয়ার দিন লিখুন",
    "enter_title": "শিরোনাম লিখুন",
    "approve_button_text": "অনুমোদন বোতাম টেক্সট লিখুন",
    "enter_approve_button_text": "অনুমোদন বোতাম টেক্সট লিখুন",
    "reject_button_text": "প্রত্যাখ্যান বোতাম পাঠ্য",
    "enter_reject_button_text": "প্রত্যাখ্যান বোতাম পাঠ্য লিখুন",
    "live_mode": "লাইভ মোড",
    "public_key": "সর্বজনীন কী",
    "secret_hash": "গোপন হ্যাশ",
    "merchant_id": "মার্চেন্ট আইডি",
    "client_key": "ক্লায়েন্ট কী",
    "server_key": "সার্ভার কী",
    "mollie_key": "মলি কী",
    "primary_color": "মৌলিক রঙ",
    "secondary_color": "সেকেন্ডারি কালার",
    "left_sidebar_background_color": "বাম সাইডবার পটভূমির রঙ",
    "left_sidebar_text_color": "বাম সাইডবার পাঠ্য রঙ",
    "top_nav_background_color": "শীর্ষ এনভি ব্যাকগ্রাউন্ড কালার",
    "top_nav_text_color": "শীর্ষ নেভি টেক্সট রঙ",
    "main_color": "প্রধান রং",
    "accent_color": "সুরের ধাপের রঙ",
    "drag_the_pointer_or_find_your_location": "পয়েন্টার টেনে আনুন অথবা বিজ্ঞাপনের অবস্থান সংরক্ষণ করতে আপনার অবস্থানে ক্লিক করুন",
    "enter_a_location": "একটি অবস্থান লিখুন",
    "gallery_add": "গ্যালারি যোগ করুন",
    "Upload_Gallery": "গ্যালারি আপলোড করুন",
    "Gallery_Image": "গ্যালারি ছবি",
    "ad_title": "বিজ্ঞাপনের শিরোনাম",
    "sort_by": "ক্রমানুসার",
    "low_to_high": "কম থেকে বেশি",
    "high_to_low": "উচ্চ থেকে নিম্ন",
    "filter_by": "দ্বারা ফিল্টার করুন",
    "active": "সক্রিয়",
    "sold": "বিক্রি হয়েছে",
    "declined": "অস্বীকার করেছে",
    "most_viewed": "সর্বাধিক দেখা",
    "pending": "বিচারাধীন",
    "all": "সব",
    "clear": "স্পষ্ট",
    "google-map": "গুগল মানচিত্র",
    "map-box": "মানচিত্র বক্স",
    "total_country": "মোট দেশ",
    "country_location": "দেশের অবস্থান",
    "map_box_key": "মানচিত্র বক্স কী",
    "google_map_key": "গুগল ম্যাপ কী",
    "map_configuration": "মানচিত্র কনফিগারেশন",
    "hide_in_details": "বিস্তারিত লুকান",
    "coming_soon": "শীঘ্রই আসছে",
    "coming_soon_title": "শিরোনাম আসছে",
    "coming_soon_subtitle": "শীঘ্রই আসছে সাবটাইটেল",
    "maintenance": "রক্ষণাবেক্ষণ",
    "maintenance_title": "রক্ষণাবেক্ষণ শিরোনাম",
    "maintenance_subtitle": "রক্ষণাবেক্ষণ সাবটাইটেল",
    "error_pages": "ত্রুটি পৃষ্ঠা",
    "e404_title": "404 শিরোনাম",
    "e404_subtitle": "404 সাবটাইটেল",
    "e404_image": "404 ছবি",
    "e500_title": "500 শিরোনাম",
    "e500_subtitle": "500 সাবটাইটেল",
    "e500_image": "500 ছবি",
    "e503_title": "503 শিরোনাম",
    "e503_subtitle": "503 সাবটাইটেল",
    "e503_image": "503 ছবি",
    "you_can_not_delete_or_edit_this_currency": "আপনি এই মুদ্রা মুছে ফেলতে বা সম্পাদনা করতে পারবেন না",
    "verified_customer": "যাচাইকৃত গ্রাহক",
    "unverified_customer": "যাচাইকৃত গ্রাহক",
    "ltr": "এলটিআর",
    "rtl": "আরটিএল"
}
