{"dashboard":"Armatuurlaud","categories":"Kategooriad","category":"Kategooria","all_category":"Kõik kategooriad","subcategory":"Alamkategooria","location":"Asukoht","city":"Linn","town":"Linn","testimonial":"Iseloomustus","blog":"Blogi","post":"Postita","post_category":"Postituse kategooria","brand":"Bränd","all_brand":"Kõik kaubamärgid","tag":"Tag","contact":"Võtke ühendust","ad":"Reklaam","newsletter":"Infoleht","email_list":"Meilinimekiri","ads":"Reklaamid","customer_list":"Klientide nimekiri","customer_details":"Kliendi üksikasjad","view_customer_ads":"Vaadake klientide reklaame","others":"teised","faq_category":"KKK kategooria","faq_categories":"KKK kategooria","create_faq_category":"Looge KKK kategooria","faq":"KKK","posting_rules":"Postitamise reeglid","about":"Umbes","terms":"Tingimused","privacy":"Privaatsus","purchase_plan":"Purchase Coupons","plans":"Plans","pricing_plan":"Pricing Plan","order":"Telli","skins":"Nahad","user_role_manage":"Kasutajate ja rollide haldamine","add_role":"Lisa roll","all_users":"Kõik kasutajad","all_roles":"Kõik rollid","settings":"Seaded","on":"Peal","off":"Väljas","logout":"Logi välja","language":"Keel","search":"Otsing","quick_actions":"Kiired toimingud","add_ad":"Lisa kuulutus","add_user":"Lisa kasutaja","add_customer":"Lisa klient","create_customer":"Loo klient","edit_customer":"Redigeeri klienti","delete_customer":"Kustuta klient","member_since":"Liige alates","profile":"Profiil","sign_out":"Logi välja","total_customer":"Kogu klient","total_ads":"Reklaamid kokku","active_ads":"Aktiivsed reklaamid","pending_ads":"Ootel reklaamid","featured_ads":"Esiletõstetud reklaamid","drafted_ads":"Koostatud reklaamid","total_blog_posts":"Kokku blogipostitus","your_earnings_overview":"Teie tulude ülevaade","earnings":"Tulud","add_category":"Lisa kategooria","category_list":"Kategooriate loend","image":"Pilt","name":"Nimi","icon":"Ikoon","actions":"Tegevused","subcategory_name":"Alamkategooria nimi","add_subcategory":"Lisa alamkategooria","city_list":"Linnade nimekiri","add_city":"Lisa linn","city_name":"Linna nimi","created_date":"Loomise kuupäev","last_updated":"Viimati uuendatud","town_list":"Linnade nimekiri","town_name":"Linna nimi","add_testimonial":"Lisa iseloomustus","create":"Loo","update":"Värskenda","cancel":"Tühista","back":"tagasi","position":"positsioon","default":"Vaikimisi","stars":"Tähed","description":"Kirjeldus","create_testimonial":"Loo iseloomustus","post_list":"Postituste loend","create_post":"Loo postitus","title":"Pealkiri","tags":"Sildid","short_description":"Lühike kirjeldus","thumbnail_image":"Pisipilt","choose_image":"Valige Pilt","edit_post":"Redigeeri postitust","update_post":"Värskenda postitust","brand_list":"Brändinimekiri","add_brand":"Lisa bränd","brand_name":"Brändi nimi","edit_brand":"Redigeeri kaubamärki","update_brand":"Uuenda brändi","tag_list":"Siltide loend","tag_name":"Sildi nimi","add_tag":"Lisa silt","edit_tag":"Edit Tag","update_tag":"Värskenda sildi","email":"Meil","subject":"Teema","date":"Kuupäev","appearance":"Appearance","contact_list":"Kontaktide nimekiri","ad_list":"Reklaamide loend","ad_gallary":"Reklaamigalerii","thumbnail":"Pisipilt","price":"Hind","mark_as_active":"Märgi aktiivseks","mark_as_pending":"Märgi ootel","mark_as_sold":"Mark as Sold","mark_as_declined":"Märgi tagasilükatuks","category_details":"Kategooria üksikasjad","subcategory_details":"Alamkategooria üksikasjad","brand_details":"Kaubamärgi üksikasjad","city_details":"Linna üksikasjad","ad_details":"Reklaami üksikasjad","customer":"Klient","author":"Autor","model":"Mudel","seo":"SEO","seo_settings":"SEO seaded","seo_meta_title":"Seo Meta Title","seo_meta_description":"Seo Meta Description","seo_meta_keywords":"Seo Meta Keywords","social_login":"Sotsiaalne sisselogimine","setup_guide":"Seadistusjuhend","google_login_credential":"Google'i sisselogimismandaadid","facebook_login_credential":"Facebooki sisselogimisandmed","twitter_login_credential":"Twitteri sisselogimismandaadid","linkedin_login_credential":"Linkedini sisselogimismandaadid","github_login_credential":"Githubi sisselogimismandaadid","gitlab_login_credential":"Gitlabi sisselogimismandaadid","bitbucket_login_credential":"Bitbucketi sisselogimismandaadid","client_id":"Kliendi ID","client_secret":"Kliendi saladus","merchant_email":"Kaupmehe e-post","featured":"Esiletõstetud","total_views":"Vaatamisi kokku","ad_link":"Reklaami link","features":"Funktsioonid","galleries":"Galeriid","faq_category_list":"KKK kategooriate loend","edit_faq_category":"Redigeeri KKK kategooriat","add_faq":"Lisa KKK","update_posting_rules":"Värskendage postitamisreegleid","update_about":"Värskenda teavet","terms_condition":"Tingimused","privacy_policy":"Privaatsuspoliitika","update_privacy_policy":"Värskendage privaatsuspoliitikat","default_subscription_type":"Tellimuse vaiketüüp","set_recommended_package":"Määrake soovitatav pakett","one_time":"Üks kord","recurring":"Korduv","save":"Salvesta","add_plan":"Lisa plaan","ads_limit":"Reklaamide piirang","featured_ads_limit":"Esiletõstetud reklaamide limiit","badge":"Märk","premium_badge":"Premium märk","multiple_image":"Mitu kujutist","customer_support":"Klienditugi","edit_plan":"Muuda plaani","delete_plan":"Kustuta plaan","recommended":"SOOVITATAV","create_plan":"Loo plaan","label":"Silt","ad_limit":"Reklaamipiirang","post_ad_limit":"Postitusreklaami limiit","featured_limit":"Esiletõstetud limiit (esiletõstetud reklaam avalehel)","change_home_page_skin":"Muuda kodulehe nahka","activate":"Aktiveerige","deactivate":"Deaktiveeri","users_list":"Kasutajate loend","roles":"Rollid","no_results_found":"Tulemusi ei leitud","there_is_no_plan_found_in_this_page":"Sellelt lehelt plaani ei leitud","found_in_this_page":"leitud sellelt lehelt","add_your_first_plan":"Lisage oma esimene plaan","create_user":"Loo kasutaja","password":"Parool","assign_roles":"Rollide määramine","enter_new_name":"Sisestage Uus nimi","enter_new_email":"Sisestage uus e-post","choose_file":"Vali fail","enter_new_password":"Sisestage uus parool","select_roles":"Valige Rollid","roles_list":"Rollide nimekiri","permission":"Luba","create_role":"Loo roll","role_name":"Rolli nimi","language_list":"Keelte loend","add_language":"Lisa keel","code":"Kood","flag":"Lipp","create_language":"Loo keel","direction":"Suund","edit_language":"Muuda keelt","translate_language":"Tõlgi keel","currency_list":"Valuutanimekiri","add_currency":"Valuuta lisamine","create_currency":"Loo valuuta","edit_currency":"Muuda valuutat","symbol":"Sümbol","exchange_rate":"Vahetuskurss","website":"Veebileht","system":"Süsteem","system_setting":"Süsteemi seadistus","app_name":"Rakenduse nimi","app_env":"Rakenduse keskkond","app_debug":"Rakenduse silumine","app_url":"Rakenduse URL","app_configuration":"Rakenduse konfiguratsioon","db_configuration":"Andmebaasi konfiguratsioon","db_connection":"Ühendus","db_host":"Host","db_port":"Port","db_name":"Nimi","db_username":"Kasutajanimi","db_password":"Parool","website_configuration":"Veebisaidi konfigureerimine","show_regular_ads_on_homepage":"Kuvage avalehel tavareklaame","show_featured_ads_on_homepage":"Kuva esiletõstetud reklaame avalehel","customer_email_verification":"Kliendi e-posti aadressi kinnitamine","ads_admin_approval":"Reklaamide administraatori heakskiit","default_language_currency":"Default Language & Currency","set_default_language":"Määrake vaikekeel","set_default_currency":"Määrake vaikevaluuta","layout":"Paigutus","color_picker":"Värvivalija","custom_css_js":"Kohandatud CSS ja JS","mail":"Mail","email_template":"Meili mall","phone":"Telefon","address":"Aadress","map_address":"Kaardi aadress","site_email":"Site Email","facebook":"Facebook","twitter":"Twitter","instagram":"Instagram","youtube":"Youtube","linkedin":"Linkedin","whatsapp":"Whatsapp","whatsapp_number":"Whatsapp number","get_help":"Hankige abi","android":"Android","ios":"IOS","site_logo":"Saidi logo","site_favicon":"Sait Favicon","loader_image":"Laadija pilt","home":"Kodu","layout_setting":"Paigutuse seadistus","left_navigation_layout":"Vasakpoolne navigeerimispaigutus","top_navigation_layout":"Ülemine navigeerimispaigutus","sidebar_color":"Külgriba värv","nav_color":"Nav värv","header_custom_style":"Päise kohandatud stiil","header_custom_script":"Päise kohandatud skript","before_head_end":"enne pea lõppu","footer_custom_script":"Jaluse kohandatud skript","before_body_end":"enne keha lõppu","mail_driver":"Meili draiver","mail_host":"Meili host","mail_port":"Postiport","mail_username":"Meili kasutajanimi","mail_password":"Meili parool","mail_encryption":"Kirjade krüpteerimine","mail_from_address":"Post aadressilt","mail_from_name":"Post nimelt","copyright":"Copyright","all_rights_reserved":"Kõik õigused kaitstud","delete_category":"Kustuta kategooria","go_to_link":"Mine linki","admin":"Admin","choose_an_image":"Valige pilt","select_category":"Vali kategooria","select_categories":"Valige kategooria","enter_post_title":"Sisesta postituse pealkiri","select_tag":"Valitud muda","write_short_description_of_post":"Write short description of post...","write_description_of_post":"Kirjuta postituse kirjeldus...","enter_blog_title":"Sisestage ajaveebi pealkiri","delete_post":"Kustuta postitus","create_brand":"Loo bränd","enter_brand_name":"Sisestage kaubamärgi nimi","brand_edit":"Brändi redigeerimine","edit_category":"Muuda kategooriat","category_name":"Category Name","enter_category_name":"Sisestage kategooria nimi","subcategory_list":"Alamkategooriate loend","edit_subcategory":"Redigeeri alamkategooriat","delete_subcategory":"Kustuta alamkategooria","create_subcategory":"Loo alamkategooria","enter_subcategory_name":"Sisestage alamkategooria nimi","view_message":"Vaata sõnumit","delete_contact":"Kustuta kontakt","add_contact":"Lisa kontakt","phone_number":"Telefoninumber","faq_list":"KKK loend","question":"küsimus","answer":"Vastus","create_faq":"Loo KKK","enter_a_question":"Sisestage küsimus","write_the_answer":"Kirjuta vastus","edit_faq":"Redigeeri KKK","update_faq":"Värskenda KKK","edit_city":"Muuda linna","delete_city":"Kustuta linn","select_image":"Valige Pilt","enter_city_name":"Sisestage linna nimi","create_town":"Loo linn","select_city":"Valige Linn","enter_town_name":"Sisestage linna nimi","edit_town":"Redigeeri linna","add_town":"Lisa linn","delete_town":"Kustuta linn","plan_list":"Plaanide loend","select_plan":"Valige Plaan","yes":"Jah","no":"Ei","delete_tag":"Kustuta silt","create_tag":"Loo silt","enter_tag_name":"Sisestage sildi nimi","testimonial_list":"Tunnistuste loend","delete_testimonial":"Kustuta iseloomustus","enter_name":"Sisestage nimi","edit_testimonial":"Muuda iseloomustust","write_description_of_testimonial":"Kirjutage iseloomustuse kirjeldus","wishlist":"Soovinimekiri","product_name":"tootenimi","pricing_plan_limit":"Hinnakujunduse plaani piirang","edit_free_limit":"Redigeeri tasuta limiiti","forgot_password":"Unusta parool","send_password_reset_link":"Saada parooli lähtestamise link","admin_forgot_password":"Admin Unustasin parooli","reset_password":"Lähtestage parool","update_password":"Värskenda parooli","email_address":"E-posti aadress","registered_at":"Registreeritud kl","profile_updated_at":"Profiili uuendatud kell","go_to_settings":"Avage Seaded","profile_settings":"Profiili seaded","change_image":"Muuda pilti","change_password":"Muuda salasõna","current_password":"Praegune salasõna","new_password":"uus salasõna","confirm_password":"Kinnita salasõna","update_profile":"Uuenda profiili","enter_current_password":"Sisestage praegune parool","confirm_new_password":"Kinnita Uus salasõna","enter_role_name":"Sisestage rolli nimi","basic":"Põhiline","social_media_links":"Sotsiaalmeedia lingid","social_media":"Sotsiaalmeedia","pinterest":"Pinterest","reddit":"Reddit","github":"Github","other":"muud","logo":"Logo","enter_site_phone":"Sisestage saidi telefon","edit_role":"Redigeeri rolli","module":"Moodul","module_settings":"Mooduli sätted","website_setting":"Veebisaidi seaded","theme_setting":"Teema seaded","payment_gateway_setting":"Maksevärava seaded","navbar_color":"Navibari värv","currency":"Valuuta","inactivate":"Inaktiveeri","mail_settings":"Mail Settings","send_test_mail":"Saada testpost","send_mail":"Kirja saatma","to":"To","body":"Keha","change_mail_username":"Muuda meili kasutajanime","change_mail_password":"Muuda meili parooli","enter_email":"Sisesta e-post","paypal_settings":"Paypali seaded","paystack_settings":"Paystacki seaded","stripe_settings":"Triibu seaded","midtrans_setting":"Kesktransi seadistus","mollie_setting":"Mollie seadistus","instamojo_setting":"Instamojo seadistus","instamojo_key":"Instamojo Key","instamojo_secret":"Instamojo saladus","instamojo_url":"Instamojo URL","ssl_commerz_settings":"SSl Commerzi seaded","flutterwave_settings":"Flutterwave Settings","livemode":"Otseülekanne","secret_key":"Salajane võti","publisher_key":"Väljaandja võti","razorpay_settings":"Razorpay seaded","payment":"Makse","sslcommerz_settings":"SSL Commerzi seaded","store_id":"Kaupluse ID","store_password":"Kaupluse parool","update_about_setting":"Värskendus seadete kohta","enter_site_name":"Sisestage saidi nimi","android_app_link":"Androidi rakenduse link","ios_app_link":"IOS-i rakenduse link","free_ad_limit":"Tasuta reklaamide limiit","free_ad_featured_limit":"Tasuta reklaamide esiletõstmise limiit","maximum_ad_image_limit":"Maksimaalne reklaami kujutise limiit","website_loader":"Veebisaidi laadija","timezone":"Ajavöönd","theme_logo":"Teema logo","white_background":"Valge taust","dark_background":"Tume taust","update_settings":"Värskenda seadeid","updating":"Värskendamine","enter_site_address":"Sisestage saidi aadress","enter_iframe_link":"Sisestage Iframe'i link","enter_site_email":"Sisestage saidi e-posti aadress","enter_company_facebook_link":"Enter Company facebook link","enter_company_twitter_link":"Sisesta ettevõtte twitteri link","enter_company_instagram_link":"Sisesta ettevõtte instagrami link","enter_company_youtube_link":"Sisestage ettevõtte youtube link","enter_company_linkdin_link":"Sisesta ettevõtte linkedin link","enter_company_whatsapp_link":"Sisestage ettevõtte whatsapp link","enter_company_android_link":"Sisestage ettevõtte Android link","enter_company_ios_link":"Sisestage ettevõtte ios link","update_posting_rules_setting":"Värskendage postitamisreeglite seadet","update_terms_setting":"Värskendage tingimuste seadet","home_page_1":"Avaleht 1","home_page_2":"Koduleht 2","home_page_3":"Koduleht 3","home_page1_description":"Mõni kiire näidistekst, mida kaardi pealkirjale ehitada ja teha.","home_page2_description":"Mõni kiire näidistekst, mida kaardi pealkirjale ehitada ja teha.","home_page3_description":"Some quick example text to build on the card title and make.","edit_user":"Redigeeri kasutajat","total_customers":"Kliente kokku","sold_ads":"Müüdud kuulutused","total_cities":"Linnad kokku","total_towns":"Linnad kokku","total_plan":"Kokku plaanid","popular_location":"Populaarne asukoht","latest_ads":"Viimased reklaamid","status":"Status","no_ads_found":"Reklaame ei leitud","latest_registered_users":"Viimased registreeritud kasutajad","since":"Alates","no_users_found":"Ühtegi kasutajat ei leitud","transaction_history":"Tehinguajalugu","latest_transaction":"Latest Transaction","amount":"Summa","coupons":"Kupongid","plan_name":"Kupongi nimi","payment_provider":"Makse tüüp","created_time":"Loodud aeg","created_at":"Loodud kl","updated_at":"Uuendatud kl","no_transactions_found":"Tehinguid ei leitud","sign_in_to_start_your_session":"Seansi alustamiseks logige sisse","remember_me":"Mäleta mind","sign_in":"Logi sisse","i_forgot_my_password":"Unustasin oma parooli","log_in":"Logi sisse","change_skin":"Muuda nahka","visit_website":"Külastage veebisaiti","version":"Versioon","username":"Kasutajanimi","times":"korda","pro_customer":"Pro klient","all_customer":"Kõik kliendid","enter_position":"Sisesta positsioon","website_language":"Veebisaidi keel","admin_language":"Administraatori keel","options":"Valikud","create_ad":"Loo reklaam","edit_ad":"Redigeeri kuulutust","edit_custom_fields":"Muuda kohandatud välju","sorting_custom_fields":"Kohandatud väljade sortimine","view_details":"View Details","select_subcategory":"Valige alamkategooria","select_town":"Valige Linn","original":"Originaal","refurbished":"Renoveeritud","new":"Uus","optional":"Valikuline","upload_thumbnail":"Laadi üles pisipilt","used":"Kasutatud","start_typing_for_search":"Alustage otsinguks siia tippimist","write_the_subject_here":"Kirjuta teema siia","send_now":"Saada nüüd","write_description_of_ad":"Kirjuta kuulutuse kirjeldus","backend_keywords":"Taustaprogrammi märksõnad","frontend_keywords":"Esikülje märksõnad","subscriptions_date":"Tellimuse kuupäev","delete_email":"Kustuta meilisõnum","cms":"CMS","cms_setting":"CMS-i seaded","price_plan":"Hinnaplaan","post_ad":"Postita kuulutus","dashboards":"Armatuurlauad","emails":"Meilinimekiri","membership":"Liikmelisus","faqs":"KKK","home_main_banner":"Avaleht Peamine bänner","home_counter_background":"Kodu loenduri taust","about_body":"Keha kohta","about_video_thumb":"Teave video pisipildi kohta","terms_background":"Tingimuste taust","terms_body":"Tingimuste sisu","posting_rules_background":"Postitusreeglite taust","posting_rules_body":"Postitusreeglite sisu","privacy_background":"Privaatsuse taust","privacy_body":"Privaatsuskogu","home_mobile_app_banner":"Paigutus 1 mobiilirakenduse bänner","update_home_settings":"Värskendage kodu seadeid","get_membership_background":"Hankige liikmelisuse taust","get_membership_image":"Hankige liikmelisuse pilt","upate_membership_settings":"Värskendage Liikmesuse seadeid","pricing_plan_background":"Hinnakujundusplaani taust","upate_pricing_plan_settings":"Värskendage hinnaplaani sätteid","faq_background":"KKK taust","update_faq_settings":"Värskendage KKK seadeid","dashboard_overview_background":"Armatuurlaua ülevaate taust","dashboard_post_ads_background":"Juhtpaneeli postituste reklaamide taust","dashboard_my_ads_background":"Armatuurlaud Minu reklaamide taust","dashboard_plan_background":"Armatuurlaua plaani taust","dashboard_account_setting_background":"Armatuurlaua konto seadete taust","about_background":"Tausta kohta","blog_background":"Blogi taust","ads_background":"Reklaamide taust","contact_background":"Kontakti taust","update_blog_settings":"Värskendage ajaveebi sätteid","update_ads_settings":"Värskendage reklaamiseadeid","update_contact_settings":"Värskendage kontakti seadeid","dashboard_favorite_ads_background":"Juhtpaneeli lemmikreklaamide seaded","dashboard_messenger_background":"Armatuurlaua Messengeri seaded","languages":"Keeled","create_new_language":"Looge uus keel","website_languages":"Veebisaidi keeled","delete_language":"Kustuta keel","website_keywords":"Veebisaidi märksõnad","select_someone_to_start_conversation":"Valige vestluse alustamiseks keegi","view_ad":"Vaata kuulutust","ad_name":"Asja nimi","select_brand":"Valige Bränd","view_posting_rules":"KUIDAS MÜÜA JUHEND","next_steps":"Järgmised sammud","backup_phone_number":"Varutelefoninumber","previous":"Previous","next_step":"Järgmine samm","ad_description":"Kirjeldus","ad_create_success_description":"Teie reklaam on edukalt loodud.","feature":"Tunnusjoon","upload_photos":"Fotod","upload_thumb":"Pisipilt","image_must_be_in_jpg_jpeg_png_format":"Pilt peab olema jpg, jpeg, png formaadis","you_must_upload_at_least":"Peate vähemalt üles laadima","post_ads":"Postitage reklaame","pricing":"Hinnakujundus","regular_ads":"Tavalised reklaamid","view_all":"Vaata kõiki","top_category":"Ülemine kategooria","no_subcategory_found":"Alamkategooriaid ei leitud","download_our_mobile_app":"Laadige alla meie mobiilirakendus","get_it_now":"Seda kohe saama","google_play":"Google Play","app_store":"Rakenduste pood","subscribe_to_our_newsletter":"Liituge meie uudiskirjaga","subscribe":"Telli","published_ads":"Avaldatud kuulutused","verified_user":"Kinnitatud kliendid","verified_email":"Kinnitatud e-post","pro_members":"Pro liikmed","city_location":"Linn Asukoht","browse_over":"Sirvige üle","classified_ads_listing":"kuulutuste loetelu","view_ads":"Vaata reklaame","recently_posted_ads":"Hiljuti postitatud kuulutused","get_premium_membership":"Hankige Premium-liikmesus","get_membership":"Hankige liikmesus","over":"LÄBI","live_ads":"REAALAJAKUULUTUSED","popular_category":"Populaarne kategooria","newest_ads":"Uusimad reklaamid","get_membership_right_now":"Hankige liikmelisus kohe","download_our_app":"Laadige alla meie rakendus","design_by":"Disainitud","supports":"Toetab","quick_links":"Kiirlingid","about_us":"Meist","know_more_about_adlisting":"Lisateavet saidi 2life.lv kohta","what_people_says":"Mida inimesed ütlevad","supported_by":"Toetavad","overview":"Ülevaade","account_information":"Muuda oma profiili","full_name":"Täisnimi","website_links":"Veebisaidi lingid","save_changes":"Salvesta muudatused","delete_account":"Kustuta konto","delete_account_alert":"Kui kustutate oma konto, kaotate kõik oma andmed ja te ei saa neid taastada.","account_setting":"Konto seadistus","posted_ads":"Postitatud kuulutused","favorite_ads":"Lemmikreklaamid","ads_view":"Reklaamide vaade","remaining":"Ülejäänud","current_plan_expirations_and_benefits":"Praeguse plaani aegumine ja eelised","expired_date":"Aegumiskuupäev","remaining_ads":"Ülejäänud reklaamid","account_settings":"Konto seaded","go_to_details":"Minge üksikasjade juurde","recent_activities":"Viimased tegevused","no_recents_activities":"Hiljutised tegevused puuduvad","delete_ad":"Kustuta kuulutus","make_it_active":"Muutke see aktiivseks","view_ads_details":"Vaadake reklaamide üksikasju","ad_post":"Reklaami postitus","steps01":"Samm 01","steps02":"Samm 02","steps03":"Samm 03","basic_info":"Põhiteave","contact_info_custom_fields":"Kontaktteave ja kohandatud väljad","description_features_images":"Kirjeldus, funktsioonid ja pildid","your_ad_has_successfully_update":"Teie reklaami värskendamine õnnestus","ad_post_success":"Reklaamipostituse õnnestumine","step1":"Samm 1","step2":"2. samm","step3":"3. samm","your_ad_has_successfully_publish":"Teie reklaami avaldamine õnnestus","go_back":"Mine tagasi","cancel_edit":"Tühista Redigeerimine","update_cancel_edit":"Värskenda ja tühista redigeerimine","update_next_step":"Värskendus ja järgmine samm","whats_your_thought":"Lisage üksikasjad seisukorra, rõiva sobivuse, täiendavate mõõtude, tarnepoliitika, jaehinna, jaemüügilehe lingi jne kohta","finish_update":"Lõpeta värskendus","message":"Sõnum","your_contact_list_is_empty":"Teie kontaktide loend on tühi","your_message_list_is_empty":"Teie sõnumiloend on tühi","online":"Internetis","offline":"Võrguühenduseta","action":"Tegevus","my_ads":"Minu reklaamid","public_profile":"Avalik profiil","seller":"Müüja","recent_ads":"Viimased reklaamid","seller_review":"Müüja ülevaade","write_review":"Kirjuta ülevaade","star_average_rating":"Tärni keskmine hinnang","people_written_reviews":"Inimesed kirjutasid arvustusi","you_dont_have_account":"You don't have account","first_create_a_account_to_write_down_a_review_to_seller_accoount":"Esmalt looge konto, et müüja kontole arvustus üles kirjutada","or_sign_up_with":"või registreeruge","publish_review":"Avalda arvustus","report_seller":"Teata müüjast","seller_report":"Müüja aruanne","contact_information":"KONTAKTINFO","star_rating":"Tärnireiting","follow_on_social_media":"Jälgi sotsiaalmeedias","reason":"Põhjus","close":"Sulge","share_your_thought_about_the_seller":"Jagage oma arvamust müüja kohta","report_to":"Teata aadressile","report_from":"Report from","ads_count":"Reklaamide arv","subcategories_count":"Alamkategooriad Loend","edit":"Muuda","all_categories":"kõik kategooriad","all_groups":"Kõik rühmad","filter":"Filter","category_wise":"Kategooria Tark","brand_wise":"Bränd Wise","city_wise":"Kategooria Tark","latest":"Viimased","oldest":"Vanim","conditions":"Tingimused","any":"Ükskõik milline","prices":"Hinnad","member":"liige","verified_seller":"Kinnitatud müüja","reveal_phone_number":"Telefoninumbri avaldamiseks klõpsake siin","added_by":"Lisas","descriptions":"Kirjeldused","viewed":"Vaadatud","related_ads":"Seotud kuulutused","share_ads":"Jaga kuulutusi","comments":"Kommentaarid","popular_tag":"Populaarne silt","recent_post":"Hiljutine postitus","read_more":"Loe rohkem","blog_posts":"Blogi postitused","leave_comments":"Jäta kommentaarid","comment":"Kommenteeri","no_more_comments_found":"Rohkem kommentaare ei leitud","no_more_reviews_found":"Rohkem arvustusi ei leitud","loading":"Laadimine","load_more":"Lae rohkem","wise_ads":"targad reklaamid","select_location":"Valige Asukoht","frequently_asked_question":"Korduma kippuv küsimus","send_message":"Saada sõnum","send_message_via_whatsapp":"Saada sõnum Whatsapi kaudu","send_message_via_email":"Saada sõnum e-posti teel","email_us":"Saada meile e-kiri","call_us":"Helistage meile","get_customer_services":"Hankige klienditeenindust","add_video_and_more_images":"Lisage video ja rohkem pilte","special_badges_for_your_ads":"Erimärgid teie reklaamidele","benefits_and_feature_membership":"Liikmelisuse eelised ja omadused","dedicated_customer_support":"Pühendatud klienditugi","advertise_your_brand_on_adlisting":"Reklaamige oma kaubamärki Adlistingis","plan_details":"Plaani üksikasjad","plan_details_and_benefits":"Plaani üksikasjad ja eelised","current_plan":"Praegune plaan","cancel_plan":"Tühista plaan","days":"päevadel","current_plan_benefits":"Praeguse plaani eelised","featured_on_homepage":"Esilehel avalehel","special_membership_badge":"Eriline liikmemärk","ad_multiple_images":"Reklaam Mitu pilti","standard_customer_support":"Tavaline klienditugi","paypal_payment":"Paypal makse","stripe_payment":"Triibumakse","pay_now":"Maksa nüüd","razor_payment":"Raseerija makse","paystack_payment":"Paystacki makse","flutterwave_payment":"Flutterwave makse","instamojo_payment":"Instamojo makse","midtrans_payment":"Midtrans makse","mollie_payment":"Mollie makse","sslcommerz_payment":"SSL Commerz makse","choose_plan":"Valige Plaan","basic_customer_support":"Põhiline klienditugi","plans_billing":"Plaanid ja arveldamine","plan_benefits":"Plaani eelised","ads_remaining":"Reklaamid alles","multiple_images":"Mitu pilti","featured_ads_remaining":"Esiletõstetud reklaamid on alles","upgrade_plan":"Uuendamise plaan","limited_ads":"Teil on piiratud reklaamid. Täiendage oma plaani, et lisada rohkem reklaame.","subscription_date_expired":"Tellimuse kuupäev on aegunud. Täiendage oma plaani, et lisada rohkem reklaame","recent_invoice":"Hiljutine arve","transaction_id":"Tehingu ID","order_id":"Tellimuse ID","plan_type":"Plaani tüüp","monthly":"Igakuine","yearly":"Aastane","plan_duration":"Kestus","interval_days":"Intervallpäevad","price_and_billing":"Hind ja arveldamine","price_and_plan":"Hind ja plaan","no_rules_found":"Reegleid ei leitud","sign_up":"Registreeri","manage_your_ads":"Hallake oma reklaame","chat_with_anyone_anytime":"Vestelge kellega tahes ja igal ajal","keep_me_logged":"Hoidke mind sisse logitud","forget_password":"Unusta parool","dont_have_account":"Don't Have Account","terms_conditions":"Tingimused","and":"ja","have_account":"On juba konto","sign_in_with_google":"Logige sisse Google'iga","sign_in_with_linkedin":"Logige sisse Linkediniga","sign_in_with_facebook":"Logi sisse Facebookiga","sign_in_with_twitter":"Logi sisse Twitteriga","sign_in_with_github":"Logige sisse Githubiga","sign_in_with_gitlab":"Logige sisse Gitlabiga","sign_in_with_bitbucket":"Logige sisse Bitbucketiga","or_sign_in_with_email":"või Logige sisse e-postiga","login":"Logi sisse","register":"Registreeri","how_it_work":"Kuidas see töötab","create_account":"Loo konto","start_earning":"Alustage teenimist","there_is_no":"Seal ei ole","found_in_the_page":"leitud sellelt lehelt","add_your_first":"Lisage oma esimene","go_back_home":"Mine tagasi koju","404_error_page":"404 Vealeht","no_data_found":"Andmeid ei leitud","or_sign_up_with_email":"või registreeruge e-postiga","are_you_sure_want_to_delete_this_item":"Kas soovite kindlasti selle üksuse kustutada?","empty_contact":"Tühi kontakt","empty_message":"Tühi sõnum","enter_ad_title":"Sisestage reklaami pealkiri","enter_ad_price":"Sisesta kuulutuse hind","enter_ad_min_price":"Sisesta kuulutuse miinimumhind","enter_ad_model":"Sisestage reklaami mudel","enter_customer_phone_number":"Sisestage kliendi telefoninumber","enter_another_phone_number":"Sisestage teine ​​telefoninumber","filter_by_category":"Filtreeri kategooria järgi","filter_by_customer":"Filtreerige kliendi järgi","filter_by_city":"Filtreeri linna järgi","filter_by_keyword":"Filtreeri märksõna järgi","you_can_send_a_mail_to_multiple_email_addresses":"Saate saata kirja mitmele e-posti aadressile","standard":"Standard","premium":"Premium","username_or_email_address":"Kasutajanimi või meiliaadress","search_by_ads_title_keywords":"Otsige reklaami pealkirja, märksõna järgi","ads_title_keyword":"Reklaami pealkiri, märksõna","type_your_message":"Sisestage oma sõnum","website_url":"Veebilehe aadress","subjects":"Õppeained","delete_product":"Kustuta toode","nothing_found":"Ei leitud midagi","copy_to_clipboard":"Kopeerida lõikelauale","click_here":"Kliki siia","verify_account":"Kinnitage konto","verify_account_now":"Verify your account now","read_agree":"I've read and agree with your","click_to_verify":"kinnitamiseks klõpsake","verify_your_email_address":"Kinnita oma e-posti aadress","before_proceeding":"Enne jätkamist kontrollige oma meili kinnituslingi saamiseks.","fresh_link":"Teie e-posti aadressile on saadetud uus kinnituslink.","resend_link":"Saada link uuesti","if_you_did_not_receive_the_email":"Kui te e-kirja ei saanud","not_found_title":"Ei leitud","not_found_description":"The page you'r looking for could not be found.","clear_cache":"Tühjenda vahemälu","home_title":"Kodu pealkiri","home_description":"Kodu kirjeldus","download_app_content":"Laadige alla rakenduse sisu","newsletter_content":"Uudiskirja sisu","membership_content":"Liikmelisuse sisu","create_account_content":"Loo konto sisu","post_ads_content":"Postitusreklaamide sisu","start_earning_content":"Alustage sisu teenimist","faq_content":"KKK sisu","login_or_register":"Logi sisse või registreeru","manage_ads_content":"Hallake reklaamide sisu","chat_content":"Vestluse sisu","verified_user_content":"Kontrollitud kasutaja sisu","update_content":"Värskenda sisu","are_you_sure_to_update":"Kas olete kindlasti värskendanud","confirmation_before_update":"Enne värskendamist veenduge, et teie teave on õige, vastasel juhul võite oma andmed kaotada","paystack_does_not_support":"Paystack ei toeta","no_privacy_policy_found":"Privaatsuspoliitikat ei leitud","no_terms_conditions_found":"Tingimusi ei leitud","contact_details":"Kontaktandmed","header_custom_style_before_head_end":"Päise kohandatud stiil (enne päise lõppu)","header_custom_script_before_head_end":"Päise kohandatud skript (enne päise lõppu)","footer_custom_script_before_body_end":"Jaluse kohandatud skript (enne kehaosa lõppu)","theme_logo_white_background":"Teema logo (valge taust)","theme_logo_dark_background":"Teema logo (tume taust)","website_links_optional":"Veebisaidi lingid (valikuline)","back_up":"Varundus","database_files":"Andmebaasi failid","backup_now":"Varunda kohe","sl":"SL","backup":"Varundamine","all_listings":"Kõik nimekirjad","website_link":"Veebisaidi link","all_faqs":"Kõik KKKd","preferences":"Eelistused","cookies_alert":"Küpsiste hoiatus","custom_css_and_JS":"Kohandatud CSS ja JS","general":"Kindral","theme":"Teema","payment_gateway":"Maksevärav","mobile_app_settings":"Mobiilirakenduse seaded","mobile_app_config":"Mobiilirakenduse konfiguratsioon","mobile_slider":"Mobiilne liugur","slider_list":"Liuguri loend","add_slider":"Lisa liugur","live_mode_enable_url":"Reaalajas režiimi lubamise URL:","allow_cookies_consent":"Kas lubada küpsiste kasutamine?","cookie_name":"Küpsise nimi","gdpr_cookie":"GDPR küpsis","ccpa_cookie":"CCPA küpsis","lgpd_cookie":"LGPD küpsis","Select_cookie_name":"","cookies_settings":"Küpsiste seaded","seo_page_list":"SEO lehtede loend","edit_seo":"Redigeeri Seo","write_style_with_style_tag_like":"Kirjutage stiil koos stiilisildiga nagu","write_script_with_script_tag_like":"Kirjutage skript skriptisildiga nagu","write_script_with_script_tag":"Kirjutage skript skriptisildiga","basic_setting":"Põhiseade","site_name":"Saidi nimi","owner_name":"Omaniku nimi","owner_email":"Omaniku e-post","recaptcha_configuration":"Recaptcha konfiguratsioon","nocaptcha_secret":"Nocaptcha saladus","nocaptcha_sitekey":"Nocaptcha Sitekey","website_theme_style":"Veebisaidi teema stiil","admin_theme_style":"Administraatori teema stiil","select_one":"Select One","notifications":"Märguanded","application_mode":"Rakendusrežiim","coming_soon_mode":"Varsti ilmuv režiim","maintenance_mode":"Hooldusrežiim","custom_field":"Kohandatud väli","create_custom_field":"Loo kohandatud väli","edit_custom_field":"Muuda kohandatud välja","text":"Tekst","textarea":"Tekstiala","select":"Valige","radio":"Raadio","file":"Fail","url":"URL","number":"Number","date_time":"Kuupäev Kellaaeg","checkbox":"Märkeruut","checkbox_multiple":"Märkeruut (mitu)","type":"Type","group":"Grupp","required":"Nõutud","filterable":"Filtreeritav","listable":"Loetletav","add":"Lisama","add_value":"Lisa väärtust","value":"Väärtus","option_name":"Valiku nimi","list":"Nimekiri","add_custom_field":"Lisa kohandatud väli","attach_custom_field":"Kinnitage kohandatud väli","enter_new_value":"Sisestage uus väärtus","manage_group":"Grupi haldamine","add_group":"Lisa rühm","edit_group":"Redigeeri gruppi","custom_field_group_list":"Kohandatud väljarühmade loend","add_to_categories":"Lisa kategooriatesse","add_custom_field_to_categories":"Lisage kategooriatesse kohandatud väli","watermark_on_ads_images":"Vesimärk reklaamipiltidel","watermark_type":"Vesimärgi tüüp","are_you_sure_you_want_to_delete_this_item":"Kas olete kindel, et soovite selle üksuse kustutada?","contact_number":"Kontaktnumber","contact_email":"Kontakte-posti aadress","contact_address":"Kontakti aadress","custom_fields":"Kohandatud väljad","delete":"Kustuta","category_custom_field_value":"Kategooria kohandatud välja väärtus","ad_wise":"Ad Wise","country":"Riik","map":"Kaart","map_type":"Kaardi tüüp","default_lat":"Vaikimisi laiuskraad","default_long":"Vaikimisi pikkuskraad","example_map":"Näidiskaardi","no_about_us_found":"Ühtegi Meie kohta ei leitud.","are_you_sure":"Oled sa kindel","product_filters":"Tootefiltrid","are_you_sure_to_cancel_plan":"Kas olete kindel, et tühistate plaani","it_will_restore_current_plan_benefits":"See taastab praeguse plaani eelised","no_recent_invoice_found":"Hiljutist arvet ei leitud","are_you_sure_you_want_to_expire_this_item":"Kas olete kindel, et soovite selle üksuse aeguda?","page_name":"Lehekülje nimi","meta_description":"Meta kirjeldus","meta_title":"Meta pealkiri","page_preview_image":"Lehekülje eelvaate pilt","enter":"Sisenema","white_logo":"Valge logo","favicon":"Favicon","frontend_language_switcher":"Frontend Language Switcher","google_login_credentiall":"Google'i sisselogimismandaadid","social_login_setting":"Sotsiaalse sisselogimise seade","cookie_expiration":"Küpsise aegumine","force_consent":"Sunni nõusolek","enter_cookie_expiration_day":"Sisestage küpsiste aegumispäev","enter_title":"Sisestage pealkiri","approve_button_text":"Sisestage nupu Kinnita tekst","enter_approve_button_text":"Sisestage nupu Kinnita tekst","reject_button_text":"Keeldumisnupu tekst","enter_reject_button_text":"Sisestage keeldumisnupu tekst","live_mode":"Otseülekanne","public_key":"Avalik võti","secret_hash":"Salajane räsi","merchant_id":"Kaupmehe ID","client_key":"Kliendi võti","server_key":"Serveri võti","mollie_key":"Mollie Key","primary_color":"Esmane värv","secondary_color":"Sekundaarne värv","left_sidebar_background_color":"Vasaku külgriba taustavärv","left_sidebar_text_color":"Vasaku külgriba teksti värv","top_nav_background_color":"Ülemine Navi taustavärv","top_nav_text_color":"Ülemine Navi teksti värv","main_color":"Põhivärv","accent_color":"Aktsentvärv","drag_the_pointer_or_find_your_location":"Lohistage kursorit või leidke oma asukoht","enter_a_location":"Sisestage asukoht","gallery_add":"Galerii Lisa","Upload_Gallery":"Laadige galerii üles","Gallery_Image":"Galerii Pilt","ad_title":"Reklaami pealkiri","sort_by":"Sorteerima","low_to_high":"Madal kuni kõrge","high_to_low":"Kõrgest madalani","filter_by":"Filtreeri","active":"Aktiivne","sold":"Müüdud","declined":"Keeldutud","most_viewed":"Enim vaadatud","pending":"Ootel","all":"Kõik","clear":"Selge","google-map":"Google Map","map-box":"Kaardikast","total_country":"Riik kokku","country_location":"Riik Asukoht","map_box_key":"Kaardikasti võti","google_map_key":"Google Map Key","map_configuration":"Kaardi konfiguratsioon","hide_in_details":"Hide In Details","coming_soon":"Tulekul","coming_soon_title":"Varsti ilmuv pealkiri","coming_soon_subtitle":"Varsti ilmumas Subtiitrid","maintenance":"Hooldus","maintenance_title":"Hooldusnimetus","maintenance_subtitle":"Hooldusalapealkiri","error_pages":"Vealehed","e404_title":"E404 Pealkiri","e404_subtitle":"E404 Subtitle","e404_image":"E404 Pilt","e500_title":"E500 pealkiri","e500_subtitle":"E500 Subtiitrid","e500_image":"E500 pilt","e503_title":"E503 Pealkiri","e503_subtitle":"E503 alapealkiri","e503_image":"E503 Pilt","you_can_not_delete_or_edit_this_currency":"Seda valuutat ei saa kustutada ega muuta","verified_customer":"Kinnitatud klient","unverified_customer":"Kinnitamata klient","ltr":"Ltr","rtl":"Rtl","expire_ads":"Aegunud reklaamid","pusher_configuration":"Tõukuri konfiguratsioon","pusher_app_id":"Pusheri rakenduse ID","pusher_app_key":"Pusheri rakenduse võti","pusher_app_secret":"Pusheri rakenduse saladus","pusher_app_cluster":"Pusheri rakenduste klaster","api_key":"Api võti","auth_domain":"Auth Domain","project_id":"Projekti ID","storage_bucket":"Salvestusämber","messaging_sender_id":"Sõnumi saatja ID","app_id":"Rakenduse ID","measurement_id":"Mõõtmise ID","firebase_push_notification_configuration":"Firebase'i tõukemärguannete konfiguratsioon","Child_Category":"Child Category","Child_Category_Name":"Child Category Name","Add_Child_Category":"Add Child Category","Edit_Child _Category":"","Create_Child_Category":"","Slider":"Liugur","Add_Slider":"","Edit_Slider":"Redigeeri liugurit","Select_Tags":"Valige Sildid","Staff_Picks":"Personali valikud","Trending_Streetwear":"Populaarsed tänavarõivad","popular":"Populaarne","trending":"Trendikas","min_price":"Min Hind","page_review_image":"Lehekülje ülevaate pilt","name_field_is_requird":"Nimeväli on kohustuslik","email_field_is_requird":"E-posti väli on kohustuslik","name_must_be_string":"Nimi peab olema string","email_must_be_string":"E-post peab olema string","maximum_255_charecter_are_allowed":"Lubatud on maksimaalselt 255 tähemärki","must_be_an_email":"Peab olema meil","email_already_taken":"Meil on juba võetud","speciality":"Eriala","smartPrice":"SmartPrice","to_get_you_started":"Et saaksite alustada","details":"Üksikasjad","select_size":"Valige suurus","select_color":"Valige Värv","you_have_got":"Olete saanud","discount_price":"Soodushind","shipping_options":"Saatmisvalikud","select_address":"Valige Aadress","measurement_message":"Mõõtmisteade","measurements":"Mõõdud","shippings":"Saadetised","trans_subcategory":"Trans alamkategooria","trans_subcategory_update":"Trans alamkategooria värskendus","test_child":"Prooviringid","best_category_one":"Parim esimene kategooria","no_child_category":"Lapsekategooriat pole","shop":"Pood","subscribe_for_newsletter":"Telli uudiskiri","latest_product_title":"Latest products","see_all":"Vaata kõiki","subscribe_us":"Uusimate uudiste ja reklaamide saamiseks liituge meiega.","see_ads":"Vaadake Reklaamid","to_sell":"Müüa","sell":"Sell","my_itmes":"MY ITEMS","my_coupons":"MY COUPONS","my_profile":"MY PROFILE","transactions":"Transactions","login_your_account":"Log in to your 2life.lv account to buy, sell, comment, and more.","continue_with_facebook":"Continue with Facebook","continue_with_google":"Continue with Google","login_with_email":"LOG IN WITH EMAIL","create_an_account":"Kontot looma","create_account_to_buy":"By creating an account on 2life.lv you'll be able to buy, sell, comment, and more.","create_account_with_email":"Looge konto e-postiga","terms_of_service":"Kasutustingimused","accept_2life":"Konto loomisega nõustun 2life.lv-ga","agree_with_2life":"I've read and agree with your","size":"Suurus","condition":"condition","new_never_worn":"New\/Never Worn","gently_used":"Gently Used","available_listings":"Saadaval Loendid","followers":"Followers","follow":"Jälgi","share_on_facebook":"Jaga Facebookis","share_on_twitter":"Jaga Twitteris","copy_link":"Kopeeri link","trusted_seller":"Usaldusväärne müüja","quick_responder":"Kiire reageerija","listing":"Nimekiri","seller_score":"Müüja skoor","feedback":"Tagasiside","fast_shipper":"Kiire saatja","item_as_described":"Asi nagu kirjeldatud","quick_replies":"Kiired vastused","joined_in":"Liitus","reviews":"Arvustused","sort_by_new":"Sorteerimisalus: Uus","sort_by_default":"Sorteeri: Vaikimisi","sort_by_popular":"Sorteerimisalus: Populaarne","sort_by_trending":"Sorteeri: Trend","sort_by_low_price":"Sorteeri: Madal hind","sort_by_high_price":"Sorteeri: Kõrge hind","available_coupons":"Saadaolevad kupongid","buy_now":"Osta kohe","items_for_sale":"esemed müügiks","make_an_offer":"Tehke pakkumine","sold_price":"Müügihind:","your_offer":"Teie pakkumine","send_offer":"SAADA PAKKUMINE","bet":"Panusta","submit":"Esita","report_listing":"Teata loendist","notify_item_for_purchase":"Kui müüja on huvitatud ja postitab nimekirja uuesti, anname teile teada, kui kaup on ostmiseks saadaval.","worn_used":"Kantud Kasutatud","why_are_you_report_this_listing":"Miks te sellest kirjest teavitate?","trademark_copyright":"Kaubamärgi autoriõiguse või DMCA rikkumine","insuthentic_item":"Ebaautentne ese","suspicious_seller_or_potential":"Kahtlane müüja või potentsiaalne kelmus","notes":"märkmeid","report_listings":"Teata nimekirjadest","color":"värvi","very_worn":"Väga kulunud","add_measurements":"Ja pievienosiet izmērus, jums ir par 40% lielāka iespēja pārdot šo preci. Iekļaujiet tik daudz, cik nepieciešams.","in":"IN","cm":"CM","floor_price":"Soodushind langetab teie kirje hinda sõna 10% igal nädalal parimal ajal, kuni see jõuab teie alamhinnani.","shipping_options_very_depending_on_the_address":"Piegādes iespējas atšķiras atkarībā no adreses, no kuras sūtāt preci.","purchase_label":"Ostke silt Paypali või eelistatud operaatori kaudu.","add_address":"Lisa aadress","add_new_address":"Lisa uus aadress","done":"Valmis","save_address":"Salvesta aadress","unfollow":"Lõpeta jälgimine","womenswear":"NAISTE RIIDED","menswear":"MEESTRIIDED","kids":"LAPSED","accessories":"TARVIKUD","bags_and_luggage":"KOTID JA PAGAS","bottoms":"PÕHJAD","dresses":"KLEIDID","outerwear":"VÄLISRIIDED","jewelry":"EHTED","tailoring":"RÄTSEPING","tops":"TOPID","fb_pixel_id":"Facebooki piksli ID","fb_app_id":"Facebooki rakenduse ID","google_analytics_id":"Google Analyticsi ID","dsadasda":"dsadasda","123sdf":"123sdf","test555":"test555","bags_&_luggage":"BAGS & LUGGAGE","glasses":"PRILLID","hats":"MÜTSID","wallets":"RAHAKOTID","sunglasses":"PÄIKESEPRILLID","short_sleeve_t-shirts":"LÜHIKESTE VARRUKAStega T-SÄRGID","sweaters_&_knitwear":"SWEATERS & KNITWEAR","sweatshirts_&_hoodies":"SWEATSHIRTS & HOODIES","tank_tops_&_sleeveless":"TANK TOPS & SLEEVELESS","jerseys":"JERSEYS","leggings":"SÄÄRSUSED","overalls_&_jumpsuits":"OVERALLS & JUMPSUITS","shorts":"LÜHIKUSED","sweatpants_&_joggers":"SWEATPANTS & JOGGERS","swimwear":"UJUMISRIIDED","leather_jackets":"NAHKJAKID","light_jackets":"KERGE JOPE","parkas":"PARKAS","raincoats":"VIHMAKEEPID","vests":"VESTID","hi-top_sneakers":"HI-TOP TOSSUD","slip_ons":"LÜBISTAMINE","belts":"VÖÖD","gloves_&_scarves":"GLOVES & SCARVES","jewelry_&_watches":"JEWELRY & WATCHES","girls_clothing":"TÜDRUKUTE RIIETUS","boys_clothing":"POISTE RIIETUS","toys":"MÄNGUASJAD","baby_care":"BEEBIHOOLDUS","strollers":"KÄRUD","ride-on_toys":"SÕITAVAD MÄNGUASJAD","chairs":"TOOLID","home_accessories":"KODU TARVIKUD","shoes":"KINGAD","sweaters_&_hoodies":"SWEATERS & HOODIES","pants_&_shorts":"PANTS & SHORTS","underwear_&_socks":"UNDERWEAR & SOCKS","sportswear":"SPORDRIIVAD","baby_clothing":"BEEBERIIDED","tops_&_t-shirts":"TOPS & T-SHIRTS","skirts":"SEELIKUD","sleepwear":"MAHARIIDED","dolls":"NUKUD","educational_toys":"HARIDAVAD MÄNGUASJAD","musical_toys":"MUUSIKALISED MÄNGUASJAD","wooden_toys":"PUITMÄNGUASJAD","kitchen_toys":"KÖÖGIMÄNGUASJAD","action_figures":"TEGEVUSKUJUD","electronic_games":"ELEKTROONILISED MÄNGUD","soft_toys":"PEHMED MÄNGUASJAD","construction_toys":"EHITUSMÄNGUASJAD","outdoor_toys":"VÄLISMÄNGUASJAD","sleeping_toys":"MAGAMISMÄNGUASJAD","nursing_&_feeding":"NURSING & FEEDING","childcare_accessories":"LASTEHOIDU TARVIKUD","potties":"POTTID","sleep_accessories":"MINE TARVIKUD","diapers_&_skincare":"DIAPERS & SKINCARE","safety":"OHUTUS","sport_strollers":"SPORDIKÄRUD","strollers_for_twins":"KAKSIKUSTE KÄRU","umbrella_strollers":"VIHMAVARJU KÄRU","universal_strollers":"UNIVERSAALSED KÄRUD","accessories_for_strollers":"LISAD KÄRNULE","stroller_accessories":"KÄRVU TARVIKUD","stroller_parts":"KÄRU OSAD","push_&_pull_toys":"PUSH & PULL TOYS","scooters":"ROLLER","bicycles":"JALGRATTAD","sleds,_skis_&_snowboards":"SLEDS, SKIS & SNOWBOARDS","baby_walkers":"BEEBIKÕLUJAD","bike_seats_&_trailers":"BIKE SEATS & TRAILERS","outdoor_vehicles":"VÄLISSÕIDUKID","roller_skates":"RULLUISUD","textiles":"TEKSTIIL","tableware":"LAUAVARA","clocks":"KELLAD","mirrors":"PEEGLID","storage":"SÄILITAMINE","candle_&_candle_holders":"CANDLE & CANDLE HOLDERS","display_shelves":"EKRAANI RIIULID","picture_&_photo_frames":"PICTURE & PHOTO FRAMES","vases":"VAASID","blankets":"TEKID","throw_pillows":"VISKA PADJAD","table_linen":"LAUAVANA","towels":"RÄTTID","bedding":"VOODI","curtains_&_drapes":"CURTAINS & DRAPES","rugs_&_mats":"RUGS & MATS","tapestries_&_wall_hangings":"TAPESTRIES & WALL HANGINGS","dinnerware":"SÖÖKANDID","drinkware":"JOOGID","cutlery":"SÖÖRIRIISTAD","hoodies":"HAPPUSED","long_sleeve_t-shirts":"PIKAD VARRUKAS T-SÄRGID","polos":"POLOS","sweaters":"KAMPSUNID","sweatshirts":"KAMPSUNID","tank_tops":"TAAKUPID","maxi_skirts":"MAXI SEELIKUD","midi_skirts":"MIDI SEELIKUD","mini_skirts":"MINISEELIKUD","pants":"PÜKSID","sweatpants":"DRESSIPÜKSID","blazers":"BLESEERID","bombers":"POMMIMAJAD","coats":"MANTELID","denim_jackets":"TENIMJEKID","down_jackets":"SULEJAKID","jackets":"JEPID","fur_&_faux_fur":"FUR & FAUX FUR","rain_jackets":"VIHMAJAKID","creative_dresses":"LOOV Kleidid","boots":"SAAPAD","platforms":"PLATVORMID","mules":"MUULID","flats":"KORTERID","low-top_sneakers":"MADALAD TOSSUD","sandals":"SANDAALID","backpacks":"SELJAKOTID","crossbody_bags":"RISTIKOTID","clutches":"SIDURID","shoulder_bags":"ÕLAKOTID","luggage_&_travel":"LUGGAGE & TRAVEL","body_jewelry":"KEHAEHTED","bracelets":"KÄEVÕRUD","brooches":"PROSSID","charms":"VÕLUD","cufflinks":"MANSETNÖÖBID","earrings":"KÕRVARÕNGUD","necklaces":"KAELAKEED","rings":"SÕRMUSED","hair_accessories":"JUUKSE TARVIKUD","miscellaneous":"MITMESUGUSED","scarves":"SALLID","socks_&_intimates":"SOCKS & INTIMATES","watches":"KELLAD","shirts_(button_ups)":"SHIRTS (BUTTON UPS)","casual_pants":"SUUREPÜKSID","cropped_pants":"KÕRGITUD PÜKSID","heavy_coats":"RASKED MATKAD","cloak_capes":"KEEBID","formal_shoes":"AMETLIKUD KINGAD","casual_leathers":"JUURDE NAHAD","formal_shirting":"AMETLIK SÄRKUS","formal_trousers":"AMETLIKUD PÜKSID","button_ups":"NUPP UPS","crop_tops":"COP TOPS","body_suits":"KEHAÜLIKONNAD","maxi_dresses":"MAKSIKLEIDID","midi_dresses":"MIDI KLIDID","mini_dresses":"MINIKLEIDID","belt_bags":"VÖÖKOTTID","mini_bags":"MINIKOTID","hobo_bags":"HOBO KOTID","bucket_bags":"ämbrikotid"}