{"dashboard":"Pannello","categories":"Kategorija","category":"Categoria","all_category":"Tutta la categoria","subcategory":"Subcategory","location":"Vieta","city":"Miestas","town":"Miestas","testimonial":"Atsiliepimas","blog":"Dienoraštis","post":"Įrašas","post_category":"Įrašo kategorija","brand":"Prekės ženklas","all_brand":"Visas prekės ženklas","tag":"Žyma","contact":"kontaktas","ad":"Reklama","newsletter":"Naujienlaiškis","email_list":"El. pašto sąrašas","ads":"Skelbimai","customer_list":"Klientų sąrašas","customer_details":"Kliento informacija","view_customer_ads":"Peržiūrėkite klientų skelbimus","others":"Kiti","faq_category":"DUK kategorija","faq_categories":"DUK kategorija","create_faq_category":"Sukurkite DUK kategoriją","faq":"DUK","posting_rules":"Skelbimo taisyklės","about":"Apie","terms":"Sąlygos","privacy":"Privatumas","purchase_plan":"Pirkimo kuponai","plans":"Planai","pricing_plan":"Kainodaros planas","order":"Įsakymas","skins":"Skinai","user_role_manage":"Naudotojų ir vaidmenų valdymas","add_role":"Pridėti vaidmenį","all_users":"Visi vartotojai","all_roles":"Visi vaidmenys","settings":"Nustatymai","on":"Įjungta","off":"Išjungta","logout":"Atsijungti","language":"Kalba","search":"Paieška","quick_actions":"Greiti veiksmai","add_ad":"Pridėti skelbimą","add_user":"Pridėti naudotoją","add_customer":"Pridėti klientą","create_customer":"Sukurti Klientą","edit_customer":"Redaguoti klientą","delete_customer":"Ištrinti Klientą","member_since":"Narys nuo","profile":"Profilis","sign_out":"Atsijungti","total_customer":"Visas klientas","total_ads":"Iš viso skelbimų","active_ads":"Aktyvūs skelbimai","pending_ads":"Laukiantys skelbimai","featured_ads":"Teminiai skelbimai","drafted_ads":"Parengti skelbimai","total_blog_posts":"Visas tinklaraščio įrašas","your_earnings_overview":"Jūsų pajamų apžvalga","earnings":"Uždarbis","add_category":"Pridėti kategoriją","category_list":"Kategorijų sąrašas","image":"Vaizdas","name":"vardas","icon":"Piktograma","actions":"Veiksmai","subcategory_name":"Subkategorijos pavadinimas","add_subcategory":"Pridėti subkategoriją","city_list":"Miesto sąrašas","add_city":"Pridėti miestą","city_name":"miesto pavadinimas","created_date":"Sukūrimo data","last_updated":"Paskutinį kartą atnaujinta","town_list":"Miestų sąrašas","town_name":"Miesto pavadinimas","add_testimonial":"Pridėti atsiliepimą","create":"Sukurti","update":"Atnaujinti","cancel":"Atšaukti","back":"Atgal","position":"Padėtis","default":"Numatytas","stars":"Žvaigždės","description":"apibūdinimas","create_testimonial":"Sukurti atsiliepimą","post_list":"Įrašų sąrašas","create_post":"Sukurti įrašą","title":"Pavadinimas","tags":"Žymos","short_description":"Trumpas aprašymas","thumbnail_image":"Miniatiūros vaizdas","choose_image":"Pasirinkite Vaizdas","edit_post":"Redaguoti įrašą","update_post":"Atnaujinti įrašą","brand_list":"Prekių ženklų sąrašas","add_brand":"Pridėti prekės ženklą","brand_name":"Markės pavadinimas","edit_brand":"Redaguoti prekės ženklą","update_brand":"Atnaujinti prekės ženklą","tag_list":"Žymų sąrašas","tag_name":"Žymės pavadinimas","add_tag":"Pridėti žymą","edit_tag":"Redaguoti žymą","update_tag":"Atnaujinti žymą","email":"El. paštas","subject":"Tema","date":"Data","appearance":"Išvaizda","contact_list":"Kontaktų sarašas","ad_list":"Skelbimų sąrašas","ad_gallary":"Skelbimų galerija","thumbnail":"Miniatiūra","price":"Kaina","mark_as_active":"Pažymėti kaip aktyvų","mark_as_pending":"Pažymėti kaip Laukiama","mark_as_sold":"Pažymėk kaip parduota","mark_as_declined":"Pažymėti kaip atmestą","category_details":"Išsami informacija apie kategoriją","subcategory_details":"Išsami informacija apie subkategoriją","brand_details":"Prekės ženklo detalės","city_details":"Miesto detalės","ad_details":"Išsami skelbimo informacija","customer":"Klientas","author":"Autorius","model":"Modelis","seo":"SEO","seo_settings":"SEO nustatymai","seo_meta_title":"SEO meta pavadinimas","seo_meta_description":"SEO meta aprašymas","seo_meta_keywords":"SEO meta raktiniai žodžiai","social_login":"Socialinis prisijungimas","setup_guide":"Sąrankos vadovas","google_login_credential":"„Google“ prisijungimo kredencialas","facebook_login_credential":"„Facebook“ prisijungimo kredencialas","twitter_login_credential":"„Twitter“ prisijungimo kredencialas","linkedin_login_credential":"Linkedin prisijungimo kredencialas","github_login_credential":"„Github“ prisijungimo kredencialas","gitlab_login_credential":"„Gitlab“ prisijungimo kredencialas","bitbucket_login_credential":"„Bitbucket“ prisijungimo kredencialas","client_id":"Kliento ID","client_secret":"Kliento paslaptis","merchant_email":"Prekybininko el","featured":"Teminiai","total_views":"Bendras peržiūrų skaičius","ad_link":"Skelbimo nuoroda","features":"funkcijos","galleries":"Galerijos","faq_category_list":"DUK kategorijų sąrašas","edit_faq_category":"Redaguoti DUK kategoriją","add_faq":"Pridėti DUK","update_posting_rules":"Atnaujinkite paskelbimo taisykles","update_about":"Atnaujinti apie","terms_condition":"Sąlygos ir sąlygos","privacy_policy":"Privatumo politika","update_privacy_policy":"Atnaujinkite privatumo politiką","default_subscription_type":"Numatytasis prenumeratos tipas","set_recommended_package":"Nustatyti rekomenduojamą paketą","one_time":"Vieną kartą","recurring":"Pasikartojantis","save":"Sutaupyti","add_plan":"Pridėti planą","ads_limit":"Skelbimų limitas","featured_ads_limit":"Teminių skelbimų limitas","badge":"Ženklas","premium_badge":"„Premium“ ženklelis","multiple_image":"Keli vaizdai","customer_support":"Pagalba klientams","edit_plan":"Redaguoti planą","delete_plan":"Ištrinti planą","recommended":"REKOMENDUOJAMAS","create_plan":"Sukurti planą","label":"Etiketė","ad_limit":"Skelbimų limitas","post_ad_limit":"Skelbimo skelbimo limitas","featured_limit":"Panašių skelbimų limitas (panašus skelbimas pagrindiniame puslapyje)","change_home_page_skin":"Pakeiskite pagrindinio puslapio apipavidalinimą","activate":"Suaktyvinti","deactivate":"Išjungti","users_list":"Vartotojų sąrašas","roles":"Vaidmenys","no_results_found":"Nieko nerasta","there_is_no_plan_found_in_this_page":"Šiame puslapyje plano nerasta","found_in_this_page":"rasti šiame puslapyje","add_your_first_plan":"Pridėkite savo pirmąjį planą","create_user":"Sukurti vartotoją","password":"Slaptažodis","assign_roles":"Priskirkite vaidmenis","enter_new_name":"Įveskite naują pavadinimą","enter_new_email":"Įveskite naują el. pašto adresą","choose_file":"Pasirinkti failą","enter_new_password":"Įveskite naują slaptažodį","select_roles":"Pasirinkite Vaidmenys","roles_list":"Vaidmenų sąrašas","permission":"Leidimas","create_role":"Sukurti vaidmenį","role_name":"Vaidmens pavadinimas","language_list":"Kalbų sąrašas","add_language":"Pridėti kalbą","code":"Kodas","flag":"Vėliava","create_language":"Sukurti kalbą","direction":"Kryptis","edit_language":"Redaguoti kalbą","translate_language":"Versti kalbą","currency_list":"Valiutų sąrašas","add_currency":"Pridėti valiutą","create_currency":"Sukurti valiutą","edit_currency":"Redaguoti valiutą","symbol":"Simbolis","exchange_rate":"Valiutos kursas","website":"Interneto svetainė","system":"Sistema","system_setting":"Sistemos nustatymas","app_name":"Programos pavadinimas","app_env":"Programėlės aplinka","app_debug":"Programos derinimas","app_url":"Programos URL","app_configuration":"Programos konfigūracija","db_configuration":"Duomenų bazės konfigūracija","db_connection":"Ryšys","db_host":"Šeimininkas","db_port":"Uostas","db_name":"vardas","db_username":"Vartotojo vardas","db_password":"Slaptažodis","website_configuration":"Svetainės konfigūracija","show_regular_ads_on_homepage":"Rodyti įprastus skelbimus pagrindiniame puslapyje","show_featured_ads_on_homepage":"Rodyti geriausius skelbimus pagrindiniame puslapyje","customer_email_verification":"Kliento el. pašto patvirtinimas","ads_admin_approval":"Skelbimų administratoriaus patvirtinimas","default_language_currency":"Numatytoji kalba ir valiuta","set_default_language":"Nustatyti numatytąją kalbą","set_default_currency":"Nustatyti numatytąją valiutą","layout":"Išdėstymas","color_picker":"Spalvų rinkiklis","custom_css_js":"Tinkintas CSS ir JS","mail":"Paštas","email_template":"El. pašto šablonas","phone":"Telefonas","address":"Adresas","map_address":"Žemėlapio adresas","site_email":"Svetainės el","facebook":"Facebook","twitter":"Twitter","instagram":"Instagramas","youtube":"Youtube","linkedin":"Linkedin","whatsapp":"Whatsapp","whatsapp_number":"Whatsapp numeris","get_help":"Gaukite pagalbos","android":"Android","ios":"IOS","site_logo":"Svetainės logotipas","site_favicon":"Favicon svetainė","loader_image":"Pakrovėjo vaizdas","home":"Namai","layout_setting":"Išdėstymo nustatymas","left_navigation_layout":"Kairysis naršymo išdėstymas","top_navigation_layout":"Viršutinis naršymo išdėstymas","sidebar_color":"Šoninės juostos spalva","nav_color":"Nav Spalva","header_custom_style":"Antraštės tinkintas stilius","header_custom_script":"Antraštės pasirinktinis scenarijus","before_head_end":"iki galvos galo","footer_custom_script":"Pasirinktinis poraštės scenarijus","before_body_end":"prieš kūno pabaigą","mail_driver":"Pašto tvarkyklė","mail_host":"Pašto priegloba","mail_port":"Pašto prievadas","mail_username":"Pašto vartotojo vardas","mail_password":"Pašto slaptažodis","mail_encryption":"Pašto šifravimas","mail_from_address":"Paštas iš adreso","mail_from_name":"Paštas iš vardo","copyright":"Autorių teisės","all_rights_reserved":"Visos teisės saugomos","delete_category":"Ištrinti kategoriją","go_to_link":"Eiti į nuorodą","admin":"Admin","choose_an_image":"Pasirinkite vaizdą","select_category":"Pasirinkite kategoriją","select_categories":"Pasirinkite Kategorijos","enter_post_title":"Įveskite įrašo pavadinimą","select_tag":"Pasirinkite Žyma","write_short_description_of_post":"Parašykite trumpą įrašo aprašymą...","write_description_of_post":"Parašyk įrašo aprašymą...","enter_blog_title":"Įveskite tinklaraščio pavadinimą","delete_post":"Ištrinti įrašą","create_brand":"Sukurti prekės ženklą","enter_brand_name":"Įveskite prekės pavadinimą","brand_edit":"Prekės ženklo redagavimas","edit_category":"Redaguoti kategoriją","category_name":"Kategorijos pavadinimas","enter_category_name":"Įveskite kategorijos pavadinimą","subcategory_list":"Subcategory List","edit_subcategory":"Edit Subcategory","delete_subcategory":"Ištrinti subkategoriją","create_subcategory":"Sukurti subkategoriją","enter_subcategory_name":"Įveskite subkategorijos pavadinimą","view_message":"Peržiūrėti pranešimą","delete_contact":"Ištrinti kontaktą","add_contact":"Pridėti kontaktą","phone_number":"Telefono numeris","faq_list":"DUK sąrašas","question":"Klausimas","answer":"Atsakymas","create_faq":"Sukurti DUK","enter_a_question":"Įveskite klausimą","write_the_answer":"Parašyk atsakymą","edit_faq":"Redaguoti DUK","update_faq":"Atnaujinti DUK","edit_city":"Redaguoti miestą","delete_city":"Ištrinti miestą","select_image":"Pasirinkite Vaizdas","enter_city_name":"Įveskite miesto pavadinimą","create_town":"Sukurti miestą","select_city":"Pasirinkite Miestas","enter_town_name":"Įveskite miesto pavadinimą","edit_town":"Redaguoti miestą","add_town":"Pridėti miestą","delete_town":"Ištrinti miestą","plan_list":"Planų sąrašas","select_plan":"Pasirinkite Planas","yes":"Taip","no":"Nr","delete_tag":"Ištrinti žymą","create_tag":"Sukurti žymą","enter_tag_name":"Įveskite žymos pavadinimą","testimonial_list":"Atsiliepimų sąrašas","delete_testimonial":"Ištrinti atsiliepimą","enter_name":"Įveskite vardą","edit_testimonial":"Redaguoti atsiliepimą","write_description_of_testimonial":"Parašykite atsiliepimo aprašymą","wishlist":"Norų sąrašas","product_name":"produkto pavadinimas","pricing_plan_limit":"Kainodaros plano limitas","edit_free_limit":"Redaguoti nemokamą limitą","forgot_password":"Pamiršti slaptažodį","send_password_reset_link":"Siųsti slaptažodžio nustatymo iš naujo nuorodą","admin_forgot_password":"Administratorius Pamiršau slaptažodį","reset_password":"Atstatyti slaptažodį","update_password":"Atnaujinti slaptažodį","email_address":"Elektroninio pašto adresas","registered_at":"Užsiregistravo adresu","profile_updated_at":"Profilis atnaujintas","go_to_settings":"Eikite į nustatymus","profile_settings":"Profilio nustatymai","change_image":"Keisti vaizdą","change_password":"Pakeisti slaptažodį","current_password":"Dabartinis slaptažodis","new_password":"Naujas Slaptažodis","confirm_password":"Patvirtinti slaptažodį","update_profile":"Atnaujinti profilį","enter_current_password":"Įveskite dabartinį slaptažodį","confirm_new_password":"Patvirtinti naują slaptažodį","enter_role_name":"Įveskite vaidmens pavadinimą","basic":"Pagrindinis","social_media_links":"Socialinės žiniasklaidos nuorodos","social_media":"Socialinė žiniasklaida","pinterest":"Pinterest","reddit":"Reddit","github":"Github","other":"Kita","logo":"Logotipas","enter_site_phone":"Įveskite svetainės telefoną","edit_role":"Redaguoti vaidmenį","module":"Modulis","module_settings":"Modulio nustatymai","website_setting":"Svetainės nustatymai","theme_setting":"Temos nustatymai","payment_gateway_setting":"Mokėjimo šliuzo nustatymai","navbar_color":"Navigacijos juostos spalva","currency":"Valiuta","inactivate":"Išjungti","mail_settings":"Pašto nustatymai","send_test_mail":"Siųsti bandomąjį laišką","send_mail":"Išsiųsti laišką","to":"Į","body":"kūnas","change_mail_username":"Pakeiskite pašto vartotojo vardą","change_mail_password":"Pakeiskite pašto slaptažodį","enter_email":"Įveskite el. pašto adresą","paypal_settings":"Paypal nustatymai","paystack_settings":"„Paystack“ nustatymai","stripe_settings":"Juostos nustatymai","midtrans_setting":"Vidurio transmisijos nustatymas","mollie_setting":"Mollie nustatymas","instamojo_setting":"„Instamojo“ nustatymas","instamojo_key":"Instamojo raktas","instamojo_secret":"Instamojo paslaptis","instamojo_url":"Instamojo URL","ssl_commerz_settings":"SSl Commerz nustatymai","flutterwave_settings":"„Flutterwave“ nustatymai","livemode":"Tiesioginis režimas","secret_key":"Slaptas raktas","publisher_key":"Leidėjo raktas","razorpay_settings":"„Razorpay“ nustatymai","payment":"Mokėjimas","sslcommerz_settings":"SSL Commerz nustatymai","store_id":"Parduotuvės ID","store_password":"Parduotuvės slaptažodis","update_about_setting":"Atnaujinimas apie nustatymą","enter_site_name":"Įveskite svetainės pavadinimą","android_app_link":"„Android“ programos nuoroda","ios_app_link":"IOS programos nuoroda","free_ad_limit":"Nemokamas skelbimų limitas","free_ad_featured_limit":"Nemokamo reklaminio skelbimo limitas","maximum_ad_image_limit":"Maksimalus skelbimo vaizdo limitas","website_loader":"Svetainės įkroviklis","timezone":"Laiko zona","theme_logo":"Temos logotipas","white_background":"Baltas fonas","dark_background":"Tamsus fonas","update_settings":"Atnaujinti nustatymus","updating":"Atnaujinama","enter_site_address":"Įveskite svetainės adresą","enter_iframe_link":"Įveskite „Iframe“ nuorodą","enter_site_email":"Įveskite svetainės el. pašto adresą","enter_company_facebook_link":"Įveskite įmonės Facebook nuorodą","enter_company_twitter_link":"Įveskite įmonės Twitter nuorodą","enter_company_instagram_link":"Įveskite įmonės instagram nuorodą","enter_company_youtube_link":"Įveskite įmonės „YouTube“ nuorodą","enter_company_linkdin_link":"Įveskite įmonės nuorodą","enter_company_whatsapp_link":"Įveskite įmonės whatsapp nuorodą","enter_company_android_link":"Įveskite įmonės Android nuorodą","enter_company_ios_link":"Įveskite įmonės „ios“ nuorodą","update_posting_rules_setting":"Update Posting Rules Setting","update_terms_setting":"Atnaujinkite sąlygų nustatymą","home_page_1":"Pagrindinis puslapis 1","home_page_2":"Pagrindinis puslapis 2","home_page_3":"Pagrindinis puslapis 3","home_page1_description":"Keletas trumpų teksto pavyzdžių, kuriuos galima sukurti remiantis kortelės pavadinimu ir sukurti.","home_page2_description":"Keletas trumpų teksto pavyzdžių, kuriuos galima sukurti remiantis kortelės pavadinimu ir sukurti.","home_page3_description":"Keletas trumpų teksto pavyzdžių, kuriuos galima sukurti remiantis kortelės pavadinimu ir sukurti.","edit_user":"Redaguoti naudotoją","total_customers":"Iš viso klientų","sold_ads":"Parduodami skelbimai","total_cities":"Iš viso miestų","total_towns":"Iš viso miestelių","total_plan":"Bendri planai","popular_location":"Populiari vieta","latest_ads":"Naujausi skelbimai","status":"Būsena","no_ads_found":"Skelbimų nerasta","latest_registered_users":"Naujausi registruoti vartotojai","since":"Nuo","no_users_found":"Nerasta jokių vartotojų","transaction_history":"Sandorių istorija","latest_transaction":"Paskutinė operacija","amount":"Suma","coupons":"Kuponai","plan_name":"Kupono pavadinimas","payment_provider":"Mokėjimo tipas","created_time":"Sukurtas laikas","created_at":"Sukurta","updated_at":"Atnaujinta","no_transactions_found":"Nerasta jokių operacijų","sign_in_to_start_your_session":"Prisijunkite, kad pradėtumėte sesiją","remember_me":"Prisimink mane","sign_in":"Prisijungti","i_forgot_my_password":"Pamiršau slaptažodį","log_in":"Prisijungti","change_skin":"Keisti odą","visit_website":"Apsilankykite svetainėje","version":"Versija","username":"Vartotojo vardas","times":"laikai","pro_customer":"Pro Klientas","all_customer":"Visi klientai","enter_position":"Įveskite poziciją","website_language":"Svetainės kalba","admin_language":"Administratoriaus kalba","options":"Galimybės","create_ad":"Sukurti skelbimą","edit_ad":"Redaguoti skelbimą","edit_custom_fields":"Redaguoti tinkintus laukus","sorting_custom_fields":"Pasirinktinių laukų rūšiavimas","view_details":"Išsamiau","select_subcategory":"Pasirinkite subkategoriją","select_town":"Pasirinkite Miestas","original":"Originalus","refurbished":"Renovuotas","new":"Nauja","optional":"Optional","upload_thumbnail":"Įkelti miniatiūrą","used":"Naudota","start_typing_for_search":"Norėdami ieškoti, pradėkite rašyti čia","write_the_subject_here":"Parašykite temą čia","send_now":"Išsiusti dabar","write_description_of_ad":"Parašykite skelbimo aprašymą","backend_keywords":"Užpakaliniai raktiniai žodžiai","frontend_keywords":"Frontend raktiniai žodžiai","subscriptions_date":"Prenumeratos data","delete_email":"Ištrinti el","cms":"TVS","cms_setting":"TVS nustatymai","price_plan":"Kainų planas","post_ad":"Paskelbti skelbimą","dashboards":"Prietaisų skydeliai","emails":"El. pašto sąrašas","membership":"Narystė","faqs":"DUK","home_main_banner":"Pagrindinis pagrindinis reklamjuostė","home_counter_background":"Namų skaitiklio fonas","about_body":"Apie Kūną","about_video_thumb":"Apie vaizdo įrašo miniatiūrą","terms_background":"Sąlygų fonas","terms_body":"Sąlygų turinys","posting_rules_background":"Skelbimo taisyklių fonas","posting_rules_body":"Paskelbimo taisyklių tekstas","privacy_background":"Privatumo fonas","privacy_body":"Privatumo įstaiga","home_mobile_app_banner":"Išdėstymas 1 mobiliosios programos reklamjuostė","update_home_settings":"Atnaujinkite pagrindinio puslapio nustatymus","get_membership_background":"Gaukite narystės foną","get_membership_image":"Gaukite narystės vaizdą","upate_membership_settings":"Atnaujinkite Gauti narystės nustatymus","pricing_plan_background":"Kainodaros plano fonas","upate_pricing_plan_settings":"Atnaujinkite kainodaros plano nustatymus","faq_background":"DUK fonas","update_faq_settings":"Atnaujinkite DUK nustatymus","dashboard_overview_background":"Prietaisų skydelio apžvalgos fonas","dashboard_post_ads_background":"Prietaisų skydelio skelbimo fonas","dashboard_my_ads_background":"Prietaisų skydelio Mano skelbimų fonas","dashboard_plan_background":"Prietaisų skydelio plano fonas","dashboard_account_setting_background":"Prietaisų skydelio paskyros nustatymų fonas","about_background":"Apie foną","blog_background":"Tinklaraščio fonas","ads_background":"Skelbimų fonas","contact_background":"Kontaktinis fonas","update_blog_settings":"Atnaujinkite tinklaraščio nustatymus","update_ads_settings":"Atnaujinkite skelbimų nustatymus","update_contact_settings":"Atnaujinkite kontaktų nustatymus","dashboard_favorite_ads_background":"Prietaisų skydelio mėgstamiausių skelbimų nustatymai","dashboard_messenger_background":"Prietaisų skydelio „Messenger“ nustatymai","languages":"Kalbos","create_new_language":"Sukurti naują kalbą","website_languages":"Svetainės kalbos","delete_language":"Ištrinti kalbą","website_keywords":"Tinklalapio raktiniai žodžiai","select_someone_to_start_conversation":"Pasirinkite ką nors, kad pradėtumėte pokalbį","view_ad":"Žiūrėti skelbimą","ad_name":"Daikto pavadinimas","select_brand":"Pasirinkite prekės ženklą","view_posting_rules":"KAIP PARDUOTI VADOVAS","next_steps":"Tolesni žingsniai","backup_phone_number":"Backup phone Number","previous":"Previous","next_step":"Next Step","ad_description":"Description","ad_create_success_description":"Jūsų skelbimas sėkmingai sukurtas.","feature":"Funkcija","upload_photos":"Nuotraukos","upload_thumb":"Miniatiūra","image_must_be_in_jpg_jpeg_png_format":"Vaizdas turi būti jpg, jpeg, png formatu","you_must_upload_at_least":"Turite įkelti bent","post_ads":"Paskelbti skelbimus","pricing":"Kainodara","regular_ads":"Įprasti skelbimai","view_all":"Peržiūrėti visus","top_category":"Aukščiausia kategorija","no_subcategory_found":"Subkategorijų nerasta","download_our_mobile_app":"Atsisiųskite mūsų mobiliąją programėlę","get_it_now":"Gauk Tai dabar","google_play":"Google Play","app_store":"Programėlių parduotuvė","subscribe_to_our_newsletter":"Prenumeruokite mūsų naujienlaiškį","subscribe":"Prenumeruoti","published_ads":"Paskelbti skelbimai","verified_user":"Patvirtinti klientai","verified_email":"Patvirtintas el","pro_members":"Pro nariai","city_location":"Miesto vieta","browse_over":"Naršykite","classified_ads_listing":"klasifikuotų skelbimų sąrašas","view_ads":"Peržiūrėti skelbimus","recently_posted_ads":"Neseniai paskelbti skelbimai","get_premium_membership":"Gaukite Premium narystę","get_membership":"Gaukite narystę","over":"BAIGTA","live_ads":"GYVINIAI SKELBIMAI","popular_category":"Populiari kategorija","newest_ads":"Naujausi skelbimai","get_membership_right_now":"Gaukite narystę dabar","download_our_app":"Atsisiųskite mūsų programą","design_by":"Sukurtas","supports":"Palaiko","quick_links":"Greitos nuorodos","about_us":"Apie mus","know_more_about_adlisting":"Sužinokite daugiau apie 2life.lv","what_people_says":"Ką sako Žmonės","supported_by":"Palaikoma","overview":"Apžvalga","account_information":"Redaguoti savo profilį","full_name":"Pilnas vardas","website_links":"Tinklalapio nuorodos","save_changes":"Išsaugoti pakeitimus","delete_account":"Ištrinti paskyrą","delete_account_alert":"Jei ištrinsite paskyrą, prarasite visus duomenis ir negalėsite jų atkurti.","account_setting":"Paskyros nustatymas","posted_ads":"Paskelbti skelbimai","favorite_ads":"Mėgstamiausi skelbimai","ads_view":"Skelbimų peržiūra","remaining":"Likę","current_plan_expirations_and_benefits":"Dabartinio plano galiojimo laikas ir nauda","expired_date":"Galiojimo pabaigos data","remaining_ads":"Likę skelbimai","account_settings":"Paskyros nustatymai","go_to_details":"Eikite į detales","recent_activities":"Naujausia veikla","no_recents_activities":"Nėra naujausios veiklos","delete_ad":"Ištrinti skelbimą","make_it_active":"Padarykite jį aktyvų","view_ads_details":"Peržiūrėkite išsamią skelbimų informaciją","ad_post":"Skelbimo skelbimas","steps01":"01 veiksmas","steps02":"02 veiksmas","steps03":"03 veiksmas","basic_info":"Pagrindinė informacija","contact_info_custom_fields":"Kontaktinė informacija ir pasirinktiniai laukai","description_features_images":"Aprašymas, funkcijos ir vaizdai","your_ad_has_successfully_update":"Jūsų skelbimas sėkmingai atnaujintas","ad_post_success":"Skelbimo skelbimo sėkmė","step1":"1 žingsnis","step2":"2 žingsnis","step3":"3 veiksmas","your_ad_has_successfully_publish":"Jūsų skelbimas sėkmingai paskelbtas","go_back":"Eik atgal","cancel_edit":"Atšaukti redagavimą","update_cancel_edit":"Atnaujinti ir atšaukti redagavimą","update_next_step":"Atnaujinimas ir kitas veiksmas","whats_your_thought":"Pridėkite išsamios informacijos apie būklę, kaip drabužis tinka, papildomus išmatavimus, pristatymo politiką, mažmeninę kainą, nuorodą į mažmeninės prekybos puslapį ir kt.","finish_update":"Baigti atnaujinimą","message":"Pranešimas","your_contact_list_is_empty":"Jūsų kontaktų sąrašas tuščias","your_message_list_is_empty":"Jūsų pranešimų sąrašas tuščias","online":"Prisijungęs","offline":"Neprisijungus","action":"Veiksmas","my_ads":"Mano skelbimai","public_profile":"Viešasis profilis","seller":"Pardavėjas","recent_ads":"Naujausi skelbimai","seller_review":"Pardavėjo apžvalga","write_review":"Rašyti atsiliepimą","star_average_rating":"Vidutinis įvertinimas žvaigždutėmis","people_written_reviews":"Žmonės parašė atsiliepimus","you_dont_have_account":"You don't have account","first_create_a_account_to_write_down_a_review_to_seller_accoount":"Pirmiausia sukurkite paskyrą, kad galėtumėte parašyti atsiliepimą į pardavėjo paskyrą","or_sign_up_with":"or sign up with","publish_review":"Paskelbti apžvalgą","report_seller":"Pranešti apie pardavėją","seller_report":"Pardavėjo ataskaita","contact_information":"KONTAKTINĖ INFORMACIJA","star_rating":"Įvertinimas žvaigždutėmis","follow_on_social_media":"Sekite socialiniuose tinkluose","reason":"Priežastis","close":"Uždaryti","share_your_thought_about_the_seller":"Pasidalinkite savo mintimis apie pardavėją","report_to":"Pranėšti","report_from":"Pranešimas iš","ads_count":"Skelbimų skaičius","subcategories_count":"Subkategorijų skaičius","edit":"Redaguoti","all_categories":"Visos kategorijos","all_groups":"Visos grupės","filter":"Filtras","category_wise":"Kategorija Išmintingas","brand_wise":"Prekės ženklas Wise","city_wise":"Kategorija Išmintingas","latest":"Naujausias","oldest":"Seniausias","conditions":"Sąlygos","any":"Bet koks","prices":"Kainos","member":"narys","verified_seller":"Patvirtintas pardavėjas","reveal_phone_number":"Spustelėkite čia, kad atskleistumėte telefono numerį","added_by":"Pridėjo","descriptions":"Aprašymai","viewed":"Peržiūrėta","related_ads":"Susiję skelbimai","share_ads":"Dalintis skelbimais","comments":"Komentarai","popular_tag":"Populiari žyma","recent_post":"Naujausias įrašas","read_more":"Skaityti daugiau","blog_posts":"Tinklaraščio įrašai","leave_comments":"Palikite komentarus","comment":"komentuoti","no_more_comments_found":"Daugiau komentarų nerasta","no_more_reviews_found":"Daugiau atsiliepimų nerasta","loading":"Įkeliama","load_more":"Įkelti daugiau","wise_ads":"protingi skelbimai","select_location":"Pasirinkite Vieta","frequently_asked_question":"Dažniausiai užduodamas klausimas","send_message":"Siųsti žinutę","send_message_via_whatsapp":"Siųsti žinutę per Whatsapp","send_message_via_email":"Siųsti žinutę el","email_us":"Rašykite mums el","call_us":"Paskambinkite mums","get_customer_services":"Gaukite klientų aptarnavimo paslaugas","add_video_and_more_images":"Pridėkite vaizdo įrašą ir daugiau vaizdų","special_badges_for_your_ads":"Specialūs ženkleliai jūsų skelbimams","benefits_and_feature_membership":"Narystės privalumai ir ypatybės","dedicated_customer_support":"Specialus klientų aptarnavimas","advertise_your_brand_on_adlisting":"Reklamuokite savo prekės ženklą skelbimų sąraše","plan_details":"Plano detalės","plan_details_and_benefits":"Išsami plano informacija ir privalumai","current_plan":"Dabartinis planas","cancel_plan":"Atšaukti planą","days":"dienų","current_plan_benefits":"Dabartinio plano privalumai","featured_on_homepage":"Pateikta pagrindiniame puslapyje","special_membership_badge":"Specialus narystės ženklas","ad_multiple_images":"Skelbimas Keli vaizdai","standard_customer_support":"Standartinis klientų aptarnavimas","paypal_payment":"Paypal mokėjimas","stripe_payment":"Mokėjimas juostelėmis","pay_now":"Sumokėk dabar","razor_payment":"Mokėjimas skustuvu","paystack_payment":"Paystack mokėjimas","flutterwave_payment":"„Flutterwave“ mokėjimas","instamojo_payment":"„Instamojo“ mokėjimas","midtrans_payment":"„Midtrans“ mokėjimas","mollie_payment":"Mollie mokėjimas","sslcommerz_payment":"SSL Commerz mokėjimas","choose_plan":"Pasirinkite planą","basic_customer_support":"Pagrindinis klientų aptarnavimas","plans_billing":"Planai ir atsiskaitymas","plan_benefits":"Suplanuokite naudą","ads_remaining":"Likę skelbimai","multiple_images":"Keli vaizdai","featured_ads_remaining":"Teminiai skelbimai Liko","upgrade_plan":"Atnaujinimo planas","limited_ads":"Turite ribotą skelbimų skaičių. Atnaujinkite savo planą, kad pridėtumėte daugiau skelbimų.","subscription_date_expired":"Prenumeratos data pasibaigė. Atnaujinkite savo planą, kad pridėtumėte daugiau skelbimų","recent_invoice":"Naujausia sąskaita faktūra","transaction_id":"Operacijos ID","order_id":"Order ID","plan_type":"Plano tipas","monthly":"Kas mėnesį","yearly":"Kasmet","plan_duration":"Trukmė","interval_days":"Intervalų dienos","price_and_billing":"Kaina ir atsiskaitymas","price_and_plan":"Kaina ir planas","no_rules_found":"Taisyklių nerasta","sign_up":"Registruotis","manage_your_ads":"Tvarkykite savo skelbimus","chat_with_anyone_anytime":"Kalbėkitės su bet kuo ir bet kada","keep_me_logged":"Užsiregistruok","forget_password":"Pamiršti slaptažodį","dont_have_account":"Don't Have Account","terms_conditions":"Sąlygos ir nuostatos","and":"ir","have_account":"Jau turite paskyrą","sign_in_with_google":"Prisijunkite naudodami „Google“.","sign_in_with_linkedin":"Prisijunkite naudodami „Linkedin“.","sign_in_with_facebook":"Prisijungti Su Facebook","sign_in_with_twitter":"Prisijunkite naudodami „Twitter“.","sign_in_with_github":"Prisijunkite naudodami „Github“.","sign_in_with_gitlab":"Prisijunkite naudodami „Gitlab“.","sign_in_with_bitbucket":"Prisijunkite naudodami „Bitbucket“.","or_sign_in_with_email":"arba Prisijunkite naudodami el","login":"Prisijungti","register":"Registruotis","how_it_work":"Kaip tai veikia","create_account":"Sukurti paskyrą","start_earning":"Pradėkite uždirbti","there_is_no":"Nėra","found_in_the_page":"rasti šiame puslapyje","add_your_first":"Pridėkite savo pirmąjį","go_back_home":"Grįžk namo","404_error_page":"404 klaidos puslapis","no_data_found":"Duomenų nerasta","or_sign_up_with_email":"arba prisiregistruokite naudodami el","are_you_sure_want_to_delete_this_item":"Ar tikrai norite ištrinti šį elementą?","empty_contact":"Tuščias kontaktas","empty_message":"Tuščia žinutė","enter_ad_title":"Įveskite skelbimo pavadinimą","enter_ad_price":"Įveskite skelbimo kainą","enter_ad_min_price":"Įveskite minimalią skelbimo kainą","enter_ad_model":"Įveskite skelbimo modelį","enter_customer_phone_number":"Įveskite kliento telefono numerį","enter_another_phone_number":"Įveskite kitą telefono numerį","filter_by_category":"Filtruoti pagal kategoriją","filter_by_customer":"Filtruoti pagal klientą","filter_by_city":"Filtruoti pagal miestą","filter_by_keyword":"Filtruoti pagal raktinį žodį","you_can_send_a_mail_to_multiple_email_addresses":"Galite siųsti laišką keliais el. pašto adresais","standard":"Standartinis","premium":"Premija","username_or_email_address":"Vartotojo vardas arba elektroninio pašto adresas","search_by_ads_title_keywords":"Ieškokite pagal skelbimo pavadinimą, raktinį žodį","ads_title_keyword":"Skelbimo pavadinimas, raktinis žodis","type_your_message":"Įveskite savo pranešimą","website_url":"svetainės url","subjects":"Dalykai","delete_product":"Ištrinti produktą","nothing_found":"Nieko nerasta","copy_to_clipboard":"Nukopijuoti į iškarpinę","click_here":"Paspauskite čia","verify_account":"Patvirtinkite paskyrą","verify_account_now":"Patvirtinkite savo paskyrą dabar","read_agree":"I've read and agree with your","click_to_verify":"spustelėkite, kad patvirtintumėte","verify_your_email_address":"Patvirtinkite savo elektroninį paštą","before_proceeding":"Prieš tęsdami patikrinkite el. paštą, ar nėra patvirtinimo nuorodos.","fresh_link":"Jūsų el. pašto adresu buvo išsiųsta nauja patvirtinimo nuoroda.","resend_link":"Iš naujo siųsti nuorodą","if_you_did_not_receive_the_email":"Jei negavote el","not_found_title":"Nerastas","not_found_description":"The page you'r looking for could not be found.","clear_cache":"Išvalyti talpyklą","home_title":"Pagrindinis pavadinimas","home_description":"Namo aprašymas","download_app_content":"Atsisiųskite programos turinį","newsletter_content":"Naujienlaiškio turinys","membership_content":"Narystės turinys","create_account_content":"Sukurti paskyros turinį","post_ads_content":"Skelbimų turinys","start_earning_content":"Pradėkite uždirbti turinio","faq_content":"DUK Turinys","login_or_register":"Prisijunkite arba užsiregistruokite","manage_ads_content":"Tvarkyti skelbimų turinį","chat_content":"Pokalbių turinys","verified_user_content":"Patvirtintas vartotojo turinys","update_content":"Atnaujinti turinį","are_you_sure_to_update":"Ar tikrai atnaujinsite","confirmation_before_update":"Prieš atnaujindami įsitikinkite, kad jūsų informacija yra teisinga, kitaip galite prarasti duomenis","paystack_does_not_support":"Paystack nepalaiko","no_privacy_policy_found":"Privatumo politikos nerasta","no_terms_conditions_found":"Nerasta jokių taisyklių ir sąlygų","contact_details":"Kontaktiniai duomenys","header_custom_style_before_head_end":"Antraštės tinkintas stilius (prieš antraštės pabaigą)","header_custom_script_before_head_end":"Antraštės tinkintas scenarijus (prieš antraštės pabaigą)","footer_custom_script_before_body_end":"Tinkintas poraštės scenarijus (prieš teksto pabaigą)","theme_logo_white_background":"Temos logotipas (baltas fonas)","theme_logo_dark_background":"Temos logotipas (tamsus fonas)","website_links_optional":"Svetainės nuorodos (nebūtina)","back_up":"Atsarginė kopija","database_files":"Duomenų bazės failai","backup_now":"Atsarginė kopija dabar","sl":"SL","backup":"Atsarginė kopija","all_listings":"Visi sąrašai","website_link":"Svetainės nuoroda","all_faqs":"Visi DUK","preferences":"Parinktys","cookies_alert":"Slapukų įspėjimas","custom_css_and_JS":"Tinkintas CSS ir JS","general":"Generolas","theme":"tema","payment_gateway":"Mokėjimo šliuzai","mobile_app_settings":"Programos mobiliesiems nustatymai","mobile_app_config":"Programos mobiliesiems konfigūracija","mobile_slider":"Mobilusis slankiklis","slider_list":"Slankiklio sąrašas","add_slider":"Pridėti slankiklį","live_mode_enable_url":"Tiesioginio režimo įgalinimo URL:","allow_cookies_consent":"Leisti sutikimą naudoti slapukus?","cookie_name":"Slapuko pavadinimas","gdpr_cookie":"GDPR slapukas","ccpa_cookie":"CCPA slapukas","lgpd_cookie":"LGPD slapukas","Select_cookie_name":"","cookies_settings":"Slapukų nustatymai","seo_page_list":"SEO puslapių sąrašas","edit_seo":"Redaguoti SEO","write_style_with_style_tag_like":"Rašykite stilių naudodami stiliaus žymą kaip","write_script_with_script_tag_like":"Rašykite scenarijų su scenarijaus žyma kaip","write_script_with_script_tag":"Rašykite scenarijų su scenarijaus žyma","basic_setting":"Pagrindinis nustatymas","site_name":"Svetainės pavadinimas","owner_name":"Savininko vardas","owner_email":"Savininko el","recaptcha_configuration":"„Recaptcha“ konfigūracija","nocaptcha_secret":"Nocaptcha paslaptis","nocaptcha_sitekey":"Nocaptcha Sitekey","website_theme_style":"Svetainės temos stilius","admin_theme_style":"Administratoriaus temos stilius","select_one":"Pasirinkti vieną","notifications":"Pranešimai","application_mode":"Taikymo režimas","coming_soon_mode":"Greitai pasirodys režimas","maintenance_mode":"Priežiūros režimas","custom_field":"Pasirinktinis laukas","create_custom_field":"Sukurkite tinkintą lauką","edit_custom_field":"Redaguoti tinkintą lauką","text":"Tekstas","textarea":"Teksto sritis","select":"Pasirinkite","radio":"Radijas","file":"Failas","url":"URL","number":"Skaičius","date_time":"Data Laikas","checkbox":"Žymimasis langelis","checkbox_multiple":"Žymimasis laukelis (keli)","type":"Tipas","group":"Grupė","required":"Reikalingas","filterable":"Filtruojamas","listable":"Sąrašas","add":"Papildyti","add_value":"Pridėti vertę","value":"Vertė","option_name":"Parinkties pavadinimas","list":"Sąrašas","add_custom_field":"Pridėti pasirinktinį lauką","attach_custom_field":"Pridėti pasirinktinį lauką","enter_new_value":"Įveskite naują vertę","manage_group":"Tvarkyti grupę","add_group":"Pridėti grupę","edit_group":"Redaguoti grupę","custom_field_group_list":"Pasirinktinių laukų grupių sąrašas","add_to_categories":"Pridėti prie kategorijų","add_custom_field_to_categories":"Pridėkite tinkintą lauką prie kategorijų","watermark_on_ads_images":"Vandens ženklas ant skelbimų vaizdų","watermark_type":"Vandens ženklo tipas","are_you_sure_you_want_to_delete_this_item":"Ar tikrai norite ištrinti šį elementą?","contact_number":"Kontaktinis numeris","contact_email":"Kontaktinis Elektroninis paštas","contact_address":"Kontaktinis adresas","custom_fields":"Pasirinktiniai laukai","delete":"Ištrinti","category_custom_field_value":"Kategorijos tinkinto lauko reikšmė","ad_wise":"Ad Wise","country":"Šalis","map":"Žemėlapis","map_type":"Žemėlapio tipas","default_lat":"Numatytoji platuma","default_long":"Numatytoji ilguma","example_map":"Žemėlapio pavyzdys","no_about_us_found":"Apie mus nerasta.","are_you_sure":"Ar tu tuo tikras","product_filters":"Produktų filtrai","are_you_sure_to_cancel_plan":"Ar tikrai atšauksite planą","it_will_restore_current_plan_benefits":"Tai atkurs dabartinio plano privalumus","no_recent_invoice_found":"Nerasta jokios naujausios sąskaitos faktūros","are_you_sure_you_want_to_expire_this_item":"Ar tikrai norite baigti šio elemento galiojimo laiką?","page_name":"Puslapio pavadinimas","meta_description":"Meta aprašymas","meta_title":"Meta pavadinimas","page_preview_image":"Puslapio peržiūros vaizdas","enter":"Įeikite","white_logo":"White Logo","favicon":"Favicon","frontend_language_switcher":"Frontend kalbos perjungiklis","google_login_credentiall":"„Google“ prisijungimo kredencialas","social_login_setting":"Socialinio prisijungimo nustatymas","cookie_expiration":"Slapuko galiojimo laikas","force_consent":"Priverstinis sutikimas","enter_cookie_expiration_day":"Įveskite slapukų galiojimo pabaigos dieną","enter_title":"Įveskite pavadinimą","approve_button_text":"Įveskite patvirtinimo mygtuko tekstą","enter_approve_button_text":"Įveskite patvirtinimo mygtuko tekstą","reject_button_text":"Atmesti mygtuko tekstas","enter_reject_button_text":"Įveskite atmetimo mygtuko tekstą","live_mode":"Tiesioginis režimas","public_key":"Viešasis raktas","secret_hash":"Slaptas maišas","merchant_id":"Prekybininko ID","client_key":"Kliento raktas","server_key":"Serverio raktas","mollie_key":"Mollie Key","primary_color":"Pirminė spalva","secondary_color":"Antrinė spalva","left_sidebar_background_color":"Kairiosios šoninės juostos fono spalva","left_sidebar_text_color":"Kairiosios šoninės juostos teksto spalva","top_nav_background_color":"Viršutinė navigacijos fono spalva","top_nav_text_color":"Viršutinė navigacijos teksto spalva","main_color":"Pagrindinė spalva","accent_color":"Akcentinė spalva","drag_the_pointer_or_find_your_location":"Vilkite žymeklį arba suraskite savo vietą","enter_a_location":"Įveskite vietą","gallery_add":"Galerija Pridėti","Upload_Gallery":"Įkelti galeriją","Gallery_Image":"Galerijos vaizdas","ad_title":"Skelbimo pavadinimas","sort_by":"Rūšiuoti pagal","low_to_high":"Žemas į aukštas","high_to_low":"Nuo aukšto iki žemo","filter_by":"Filtruoti pagal","active":"Aktyvus","sold":"Parduota","declined":"Atmesta","most_viewed":"Labiausiai žiūrima","pending":"Kol","all":"Visi","clear":"Aišku","google-map":"Google žemėlapis","map-box":"Žemėlapio dėžutė","total_country":"Visa šalis","country_location":"Šalies vieta","map_box_key":"Žemėlapio dėžutės raktas","google_map_key":"Google žemėlapio raktas","map_configuration":"Žemėlapio konfigūracija","hide_in_details":"Slėpti Išsamiai","coming_soon":"Netrukus","coming_soon_title":"Netrukus Pavadinimas","coming_soon_subtitle":"Netrukus Subtitrai","maintenance":"Priežiūra","maintenance_title":"Priežiūros pavadinimas","maintenance_subtitle":"Priežiūros paantraštė","error_pages":"Klaidų puslapiai","e404_title":"E404 Pavadinimas","e404_subtitle":"E404 Subtitrai","e404_image":"E404 vaizdas","e500_title":"E500 pavadinimas","e500_subtitle":"E500 subtitrai","e500_image":"E500 vaizdas","e503_title":"E503 Pavadinimas","e503_subtitle":"E503 Subtitrai","e503_image":"E503 vaizdas","you_can_not_delete_or_edit_this_currency":"Negalite ištrinti arba redaguoti šios valiutos","verified_customer":"Patvirtintas klientas","unverified_customer":"Nepatvirtintas klientas","ltr":"Ltr","rtl":"Rtl","expire_ads":"Skelbimai, kurių galiojimo laikas baigiasi","pusher_configuration":"Stūmiklio konfigūracija","pusher_app_id":"„Pusher“ programos ID","pusher_app_key":"„Pusher“ programos raktas","pusher_app_secret":"Pusher App Secret","pusher_app_cluster":"Pusher App Cluster","api_key":"Api raktas","auth_domain":"Auth domenas","project_id":"Projekto ID","storage_bucket":"Sandėliavimo kibiras","messaging_sender_id":"Pranešimų siuntėjo ID","app_id":"Programos ID","measurement_id":"Matavimo ID","firebase_push_notification_configuration":"„Firebase Push“ pranešimų konfigūracija","Child_Category":"Vaiko kategorija","Child_Category_Name":"Vaiko kategorijos pavadinimas","Add_Child_Category":"Pridėti vaiko kategoriją","Edit_Child _Category":"","Create_Child_Category":"Sukurkite vaikų kategoriją","Slider":"Slankiklis","Add_Slider":"Pridėti slankiklį","Edit_Slider":"Pridėti slankiklį","Select_Tags":"Pasirinkite Žymos","Staff_Picks":"Personalo pasirinkimai","Trending_Streetwear":"Madingi gatvės drabužiai","popular":"Populiarus","trending":"Tendencijos","min_price":"Min. Kaina","page_review_image":"Puslapio peržiūros vaizdas","name_field_is_requird":"Vardo laukas yra būtinas","email_field_is_requird":"El. pašto laukas yra būtinas","name_must_be_string":"Vardas turi būti eilutė","email_must_be_string":"El. pašto adresas turi būti eilutė","maximum_255_charecter_are_allowed":"Leidžiama ne daugiau kaip 255 simboliai","must_be_an_email":"Turi būti el. paštas","email_already_taken":"El. paštas jau naudojamas","speciality":"Specialybė","smartPrice":"SmartPrice","to_get_you_started":"Norėdami pradėti","details":"Detalės","select_size":"Pasirinkite dydi","select_color":"Pasirinkite Spalva","you_have_got":"Jūs turite","discount_price":"Kaina su nuolaida","shipping_options":"Siuntimo parinktys","select_address":"Pasirinkite Adresas","measurement_message":"Matavimo pranešimas","measurements":"Išmatavimai","shippings":"Siuntiniai","trans_subcategory":"Trans subkategorija","trans_subcategory_update":"Trans subkategorijos atnaujinimas","test_child":"Bandomasis vaikas","best_category_one":"Geriausia pirmoji kategorija","no_child_category":"Nėra vaikų kategorijos","shop":"Parduotuvė","subscribe_for_newsletter":"Prenumeruokite naujienlaiškį","latest_product_title":"Naujausi produktai","see_all":"Matyti viską","subscribe_us":"Norėdami gauti naujausias naujienas ir reklamą, užsiprenumeruokite mus.","see_ads":"Žiūrėkite skelbimus","to_sell":"Parduoti","sell":"Parduoti","my_itmes":"MANO DARBAI","my_coupons":"MANO KUPONAI","my_profile":"MANO PROFILIS","transactions":"Sandoriai","login_your_account":"Prisijunkite prie savo 2life.lv paskyros norėdami pirkti, parduoti, komentuoti ir dar daugiau.","continue_with_facebook":"Tęsti su Facebook","continue_with_google":"Tęskite su Google","login_with_email":"PRISIJUNGTI SU EL.PAŠTU","create_an_account":"Sukurti paskyrą","create_account_to_buy":"By creating an account on 2life.lv you'll be able to buy, sell, comment, and more.","create_account_with_email":"Sukurkite paskyrą naudodami el","terms_of_service":"Paslaugų teikimo sąlygos","accept_2life":"Kurdamas paskyrą sutinku su 2life.lv","agree_with_2life":"I've read and agree with your","size":"Dydis","condition":"sąlyga","new_never_worn":"Naujas\/Niekada nedėvėtas","gently_used":"Švelniai naudotas","available_listings":"Pasiekiami Sąrašai","followers":"Sekėjai","follow":"Sekite","share_on_facebook":"Dalintis Facebook","share_on_twitter":"Bendrinti Twitter","copy_link":"Nukopijuoti nuorodą","trusted_seller":"Patikimas Pardavėjas","quick_responder":"Greitas atsakiklis","listing":"Sąrašas","seller_score":"Pardavėjo balas","feedback":"Atsiliepimas","fast_shipper":"Greitas siuntėjas","item_as_described":"Prekė kaip aprašyta","quick_replies":"Greiti atsakymai","joined_in":"Prisijungė","reviews":"Atsiliepimai","sort_by_new":"Rūšiuoti pagal: Naujas","sort_by_default":"Rūšiuoti pagal: Numatytasis","sort_by_popular":"Rūšiuoti pagal: Populiaru","sort_by_trending":"Rūšiuoti pagal: tendencijos","sort_by_low_price":"Rūšiuoti pagal: Maža kaina","sort_by_high_price":"Rūšiuoti pagal: Aukštą kainą","available_coupons":"Galimi kuponai","buy_now":"Pirkti dabar","items_for_sale":"išparduodamos prekės","make_an_offer":"Pasiūlyti","sold_price":"Pardavimo kaina:","your_offer":"Tavo pasiūlymas","send_offer":"SIŲSTI PASIŪLYMĄ","bet":"Bet","submit":"Pateikti","report_listing":"Pranešimas apie sąrašą","notify_item_for_purchase":"Jei pardavėjas susidomės ir iš naujo paskelbs sąrašą, mes jums pranešime, kai prekę bus galima įsigyti.","worn_used":"Dėvėtas Naudotas","why_are_you_report_this_listing":"Kodėl pranešate apie šį įrašą?","trademark_copyright":"Prekės ženklo autorių teisių arba DMCA pažeidimas","insuthentic_item":"Neautentiškas daiktas","suspicious_seller_or_potential":"Įtartinas pardavėjas arba galimas sukčiavimas","notes":"Pastabos","report_listings":"Ataskaitų sąrašai","color":"spalva","very_worn":"Labai Dėvėtas","add_measurements":"You've got a 40% better chance of selling this item if you add measurements. Include as many as applicable.","in":"IN","cm":"CM","floor_price":"Kainos nuolaida sumažina jūsų įrašo kainą 10 % geriausiu kiekvienos savaitės laiku, kol ji pasiekia aukščiausią kainą.","shipping_options_very_depending_on_the_address":"Shipping options vary depending on the address you're sending your item from.","purchase_label":"Įsigykite etiketę per Paypal arba patinkamą operatorių.","add_address":"Pridėti adresą","add_new_address":"Pridėti naują adresą","done":"padaryta","save_address":"Išsaugoti adresą","unfollow":"Nebestebėti","womenswear":"MOTERIŠKAI","menswear":"VYRIŠKAI","kids":"VAIKAI","accessories":"PRIEDAI","bags_and_luggage":"BAGS AND LUGGAGE","bottoms":"APAČIAI","dresses":"SUKNELĖS","outerwear":"VIRŠUTINIAI DRABUŽIAI","jewelry":"PAPUOŠALAI","tailoring":"SIUVĖJIMAS","tops":"TOPS","fb_pixel_id":"„Facebook Pixel ID“.","fb_app_id":"„Facebook“ programos ID","google_analytics_id":"Google Analytics ID","dsadasda":"dsadasda","123sdf":"123sdf","test555":"testas555","bags_&_luggage":"BAGS & LUGGAGE","glasses":"AKINIAI","hats":"KEpurės","wallets":"PINIGINĖS","sunglasses":"AKINIAI SAULĖS","short_sleeve_t-shirts":"MARŠKINĖLIAI Trumpomis RANKOVĖMIS","sweaters_&_knitwear":"KAMPSUNID JA KUDUMAD","sweatshirts_&_hoodies":"KAMPSUNID JA HAUPUPSID","tank_tops_&_sleeveless":"TÜPPID ja VARRUTUTA","jerseys":"Džersiai","leggings":"ANTJOVĖS","overalls_&_jumpsuits":"OVERALLS & JUMPSUITS","shorts":"ŠORTAI","sweatpants_&_joggers":"SWEATPANTS & JOGGERS","swimwear":"MAudymosi kostiumėliai","leather_jackets":"ODINIAI ŠVARKAI","light_jackets":"LENGVOS STRUKKĖS","parkas":"PARKAS","raincoats":"LIETpalčiai","vests":"LIEMENĖS","hi-top_sneakers":"HI-TOP SNEAKERS","slip_ons":"SLIP ONS","belts":"DIRŽAI","gloves_&_scarves":"GLOVES & SCARVES","jewelry_&_watches":"JEWELRY & WATCHES","girls_clothing":"MERGAITŲ DRABUŽIAI","boys_clothing":"BERNIUKŲ DRABUŽIAI","toys":"ŽAISLAI","baby_care":"KŪDIKIO PRIEŽIŪRA","strollers":"VEŽIMĖLIAI","ride-on_toys":"ŽAISLAI, KURIAI VARŽIAMI","chairs":"KĖDĖS","home_accessories":"NAMŲ PRIEDAI","shoes":"AVALYNĖ","sweaters_&_hoodies":"SWEATERS & HOODIES","pants_&_shorts":"PANTS & SHORTS","underwear_&_socks":"UNDERWEAR & SOCKS","sportswear":"SPORTINĖ APRANGA","baby_clothing":"DRABUŽIAI KŪDIKIAMS","tops_&_t-shirts":"TOPS & T-SHIRTS","skirts":"SIJONAI","sleepwear":"MIEGO APRANGA","dolls":"LĖLĖS","educational_toys":"LAIKOMAI ŽAISLAI","musical_toys":"MUZIKINIAI ŽAISLAI","wooden_toys":"MEDINIAI ŽAISLAI","kitchen_toys":"VIRTUVĖS ŽAISLAI","action_figures":"VEIKSMO FIGŪRĖLĖS","electronic_games":"ELEKTRONINIAI ŽAIDIMAI","soft_toys":"MINKŠTI ŽAISLAI","construction_toys":"STATYBINIAI ŽAISLAI","outdoor_toys":"LAUKO ŽAISLAI","sleeping_toys":"MIEGIMO ŽAISLAI","nursing_&_feeding":"NURSING & FEEDING","childcare_accessories":"VAIKŲ PRIEŽIŪROS PRIEDAI","potties":"PUODAI","sleep_accessories":"MIEGO PRIEDAI","diapers_&_skincare":"DIAPERS & SKINCARE","safety":"SAUGUMAS","sport_strollers":"SPORTINIAI VEIKIAI","strollers_for_twins":"VEIČIUKAI DVYNĖMS","umbrella_strollers":"VEŽIMĖLIAI SKĖČIAMS","universal_strollers":"UNIVERSALŪS VEŽIMĖLIAI","accessories_for_strollers":"PRIEDAI VEIKIMS","stroller_accessories":"VEIKIMŲ PRIEDAI","stroller_parts":"VEIKLIO DALYS","push_&_pull_toys":"PUSH & PULL TOYS","scooters":"MOTOROLERIAI","bicycles":"DVIRAČIAI","sleds,_skis_&_snowboards":"SLEDS, SKIS & SNOWBOARDS","baby_walkers":"VAIKŠČIOJI KŪDIKLIAI","bike_seats_&_trailers":"BIKE SEATS & TRAILERS","outdoor_vehicles":"LAUKO TRANSPORTO PRIEMONĖS","roller_skates":"RIEDUČIAI","textiles":"TEKSTILĖ","tableware":"STALO ĮRANKIAI","clocks":"LAIKRODŽIAI","mirrors":"VEIDRODŽIAI","storage":"SANDĖLIAVIMAS","candle_&_candle_holders":"CANDLE & CANDLE HOLDERS","display_shelves":"EKRANŲ LENTYNĖS","picture_&_photo_frames":"PICTURE & PHOTO FRAMES","vases":"VAZOS","blankets":"ANTKLĖS","throw_pillows":"METIKOS PAGALVĖS","table_linen":"STALO VALAI","towels":"RANŠŠLUOSČIAI","bedding":"PATALYNĖ","curtains_&_drapes":"CURTAINS & DRAPES","rugs_&_mats":"RUGS & MATS","tapestries_&_wall_hangings":"TAPESTRIES & WALL HANGINGS","dinnerware":"PAKALINIAI","drinkware":"GĖRIMAI","cutlery":"Stalo įrankiai","hoodies":"GOBUČIAI","long_sleeve_t-shirts":"MARŠKINĖLIAI ILGOMIS RANKOVĖMIS","polos":"POLOS","sweaters":"džemperiai","sweatshirts":"MERGZINIAI","tank_tops":"BARKŲ DARBAI","maxi_skirts":"MAXI SIJONAI","midi_skirts":"MIDI SIJONAI","mini_skirts":"MINI SIJONAI","pants":"KELNĖS","sweatpants":"MERGINIAI","blazers":"BLIZERIAI","bombers":"BOMBERIAI","coats":"PALTAI","denim_jackets":"DŽINSINĖS STRIUKĖS","down_jackets":"PŪKINĖS STRIUKĖS","jackets":"STRIUKĖS","fur_&_faux_fur":"FUR & FAUX FUR","rain_jackets":"LIETUVIŠKĖS","creative_dresses":"KŪRYBINGOS SUKNELĖS","boots":"BATAI","platforms":"PLATFORMOS","mules":"MULAI","flats":"BUTAI","low-top_sneakers":"KELIAI AZEMOS APIRŠINĖS","sandals":"SANDALAS","backpacks":"KURPINĖS","crossbody_bags":"KREPŠIAI","clutches":"SANTYKOS","shoulder_bags":"PEČIŲ KREPŠĖS","luggage_&_travel":"LUGGAGE & TRAVEL","body_jewelry":"KŪNO PAPUOŠALAI","bracelets":"APMENĖS","brooches":"SEGĖS","charms":"ŽAVĖJIMAI","cufflinks":"SĄSAGAS","earrings":"AUSKARAI","necklaces":"KORJALAI","rings":"ŽIEDAI","hair_accessories":"PLAUKŲ AKSESUARAI","miscellaneous":"ĮVAIRUS","scarves":"KAKLASKARĖS","socks_&_intimates":"SOCKS & INTIMATES","watches":"LAIKRODŽIAI","shirts_(button_ups)":"SHIRTS (BUTTON UPS)","casual_pants":"PASAULINĖS KELNĖS","cropped_pants":"APkarpytos KELNĖS","heavy_coats":"Sunkūs paltai","cloak_capes":"APSAUTINĖS GELBĖLIAI","formal_shoes":"FORMALŪS BATAI","casual_leathers":"ATGALIOJOS ODOS","formal_shirting":"FORMALŪS MARŠKINIAI","formal_trousers":"FORMALIOS KELNĖS","button_ups":"MYGTUKAS UPS","crop_tops":"COP TOP","body_suits":"KŪNO KOSTIUMAI","maxi_dresses":"MAXI SUKNELĖS","midi_dresses":"MIDI SUKNELĖS","mini_dresses":"MINI SUKNELĖS","belt_bags":"DIRŽO KREPŠĖS","mini_bags":"MINI KREPŠĖS","hobo_bags":"HOBO KREPŠIAI","bucket_bags":"KIAUŠŲ MAIŠAI"}